3jMKnBVkNXpuFLXQvLYRwYr7fzQd4zZn5a2yB13tueEm,10000000
6RZ2m3vXvztrRuoSinUn64nmPRh826v7LFwkvomjdcZi,10000000
8JKphTJrEvgTo7bmFuZ8LSHSpbh2vrd4Zii7nzyyC1PS,10000000
5LH8b6qJzwdLsjq3wqXhzGA2EhEJiiueZWHgTh5brSLe,10000000
Bqz1UYe3dMXonzBDNSmDBbe5uLzKVaHD9MroZ5iogykF,10000000
GRzJ8cwnx49hNqMy7subKLDxijqYhBwKxFYDXjPePDBj,10000000
96LDfr1WPqXYkVL5efGE6g5u4SEgfqVWBfqSqRugUqG6,10000000
4HcVBrjEDfWTLy9BptoyU2ztyZJg8VDeDierzxQaeVvt,10000000
7eSEnhdzAYECYyxg98a5D5QEiAyymG7ooT95zw4oZf1w,10000000
3r8sjixVmAigvktTpnegezGkycakPYp6jC72fjjad3FR,10000000
DK3nUxSrm9ApGNSWWvxNrzU3pZJxHfUQNdxceg9SU7ed,10000000
58ETtYr7cSCz9ivBZRRNh6tM7ETb6cH7dnt9WFJ4qdXR,10000000
4nUcfdM2fsMuLHzNXC7wSBihJVtHWE94fW8tNtgF4NUA,10000000
P3JbxLWg9dYvzh6AHGGjvxoLDC6oVtasyvSzKVTbQ6c,10000000
2dCwVqwAU9Myxbwnba2urGrYfyLg89Q5sGSAEnYZT4y9,10000000
BxBwBtpAWJRWejnr3FoCe4wsi7YeHuduaZyH2Pm8PCvk,10000000
6XWwQtGvfhja1Y6TSAfWvbaCo1jt8MWuRCMkiqtB5VQT,10000000
AZ4vFaBjUk9tvd2kULYAzxTjLRefuMtMaiC6sQtRMQUT,10000000
7DQJbFQ3pETDaaMNJjoMfzx1zR1G2NZEz383VwHEU3G7,10000000
5DFBvsjsv1sEv71ZcHueguK7TBZaaqhY6xVzCXxGoYzm,10000000
3625DVsDdSuEU8mKiHyXhtomy7ZbKajKf83xF19x1CgN,10000000
J6NkoWiYyquf6XScvEvxnVncvg182cezL2z3LAcpgq7n,10000000
E5djyshEEfNqPssLNTkzHjN4NTzt8F6hT5HNCtbopXFu,10000000
7heN5x1Y5QgnbFvsHaNsUwp763LJkafwQybHyQ2991mN,10000000
DdUEtyuCR7tFdgP8A2dC5zFAccGc1KM2GqVxdFqctFjN,10000000
A3kufVjg6epNeyM1udwbYXWV6TrZ24H4bLY1abRqjYQe,10000000
FfarF4CWR9MKoibi7uLoriK9WWygzTHJxW7JATTCiXeE,10000000
2cAnaAfciPtzmdfbAbYi2racd2hKLoZ5UZEiuzj3uoQ5,10000000
EvvKhcXJwwZjSewVEf7t6PgRRKEZQ2y6HLBHSQdSuVEw,10000000
2fXf1mhyqNpCBJkSYQ9DFQVfr9yVRSP1LT4V1NJLPms5,10000000
9Sk9kLf1bXL9Ju8BE69nDTDPy32exZZ88RKvVPD7X8eY,10000000
2esBPcpM3WcHHJNEiD2cYpoTDdwaDaFMnYrALh46KCeN,10000000
2gLgxbqgRP4xG1athc2kBbyKsMNv3frAkoHw2rJ2SFhA,10000000
7YAFygJvoJwX7iBYtibmDTXrHwxHocED1AHhJyzonxaJ,10000000
66ToCWRow2KcriRaucmvWfWMtauQaPNwhtukebLJbTnB,10000000
5gqJENnbiMQi84oPpmA9GbmF9YGw1fe6M8dfUM3NiXhx,10000000
G6ifTzyaLYgCqzS89RSUkcy4WrssjbSk7Ha2aY3BpKqQ,10000000
7Xh6omU3mkDfgXaQHh53jxbz9aQSvm2JN7CuBP9makRY,10000000
G5A9VFNmCuAWvRViivDUP2gZAqLnzAfXRwWox83LYjwn,10000000
2PB4z6jA7kJJ98MSY7WDKGUtoWZg5jspDmZapgxAvZif,10000000
2oxzck66yA4YaQ8QnhqaLHCJuiWW8VYkFGbdR8A9FMoL,10000000
EVR5J6eqRuExfYYgtfUzeLGRed6XbHmKDAMXPv8vGCjN,10000000
86kJF669oEA8CWg1X1ona6jXZBvKVW2y64uB43iFaUuH,10000000
7jN1p7vCnh8c3VDnGkG2W5hXdCVci6dDE37GW56YNzc,10000000
C9oS7JhGfvLxLJSkQjVS2kecUJERd65F3rWZfb1Euv87,10000000
DEc2EoyDmem7rCqpdENU79cuRH6RS2e1PcwGhX5GMVxh,10000000
7c7YKPrjXkNsmyvwZKP9SEg9474aa5DajHicqU7taPVa,10000000
DVJaqqNhetvHQRy195TuxsGQVLUSNcTFPhESu99kyoVz,10000000
H3RCfyFE6VfTpXhjJRJ8f7oYQq9AEW6syoC6QaYsKTiY,10000000
3EE9AuGjGYaZ5NiBW75aP4nWzkyeJ1BAxVTYUM6aJdxt,10000000
DMTxXhErnYYZR4fHZ1nKPowkGT8Q5MnPopzDEzTgUowm,10000000
964CBUn2Nu1rZMXpr7vSMDHnuUuSZXAA1LKnmPd8KJyB,10000000
APTTQVAyT7Gweq8manL1JniBBf6gKNMMk7nYopvmnPAq,10000000
8hNNPNSjSsymLAfK2tHBKbee1EeLrzrzSsv72suRmqoR,10000000
f2cvKdBaJsVuz2rcbFvzzqupgkc2XFKeHyigziQ5UQr,10000000
F5TFiiZmkRKBhGZChjMmHBqRJBcmw1yPrMUnd3G2rSrY,10000000
GWsd1HRNeG5TvfU7BcQLNe3a9RAJmkCjq7E59zRo9VAu,10000000
63rR92LM4BZypb78uXWxjrf6wBEXRnPQcxgjca7y3fjk,10000000
9TYqQq589TQhp85JGHGxXxtjpsN1VcD88riULQ3XGFze,10000000
6LLAyDLcj4VppEZDSYaz7t5EH5swwog22Qsa5WZxNb2u,10000000
BMdKmrwT6iP6p2gqARtr1gTLE96vqtwAGCSu6KJDYrSv,10000000
DvJ9jsErYokxXepPgEJAc4FV8bU7VYHAPo1QMWsHkTMw,10000000
ETjBxdkuvyy1CqLK19e8Xagw5bB21mA3Rr2bCh4wdsYm,10000000
HmKRXyX9aDrVUgD3J8kvPcuz7py7d6r1LFN6cZbbxtYY,10000000
CLGLVZn1xQpPMG96Y7XHzKRgsxTiFMeoJC9AWHtS9vrc,10000000
FY36yyp1MA59qdtsrYXeB7xwdnB2tQyMzi83dXz33wfa,10000000
6bceAJ3nzxGuU3AMA2RQoYAGr2ykhugGaoxksBPTW2zN,10000000
HN6EqdujovSjaS3FpQ6X59YwyPDQKon5XmTUr3wc7Cm3,10000000
Dj2G6VZevUDQ2Wg8g3c7NjHX8PES6TnqNMWVEz7jZZpV,10000000
9siRu85Zs5dBWHriCYNe46Bez7rGZrU5DMVvGPjxmnZh,10000000
FSoLbMUpSud5RnW5FDahMnuH8kMxfS859uXDRVJkASgj,10000000
HdivCbKG4Ha3exjvD4qKdiYmBn8oPNTZWuG3UEdh3u1r,10000000
BX1mz9xcDjJB2UYo6e8Ms1f89ayQZUU6c8Loc1mikgBn,10000000
5xpXa6Yv74cq2tGnU8ZQN4kGRgQufVXSi4rmAA29w5uo,10000000
ESy2XNRRM2QnF2sYoLHgSbw1XeZpsw5NnEb8qJiwfn8,10000000
7MKe61g2GXoh3rbAsj8mxZzkiUdFRuDYzz146HMfGkDj,10000000
Dr2sd7EcBJG6tRyqKZyRY8stsupTg7dSYRCDmbq7r9pa,10000000
Ateqtx3p6ciFxkHuA4XKZvmYMVu1VYoxsvP1E5vgaGtW,10000000
C9JF9KXq7oKAvAgyxx34t5po4dFAyLinbg5FvQQ3XM6C,10000000
EzvjqSEb79d1oG1fpMKe9Zpij2rGU7xP169v61bpztGC,10000000
293s88fstNxJTxrNN6WeNqD1x5jdFn5eCm6GYkEgeDMN,10000000
DotgRPpR1kHsjERR69k244Qk1rTZkrPq5GaWSNGCFCNL,10000000
ALqhdzW51432Kjf6YovcDiB74FBoQiq2BL1LVVp9UakR,10000000
5tuhj5xuXqcQfgGPCNap6QHVgyRcBgSG6YpaRViChKTf,10000000
D7jcpnHzNc71TSpgGcsRtidVf6f29fqFf3eaGoxnfJNf,10000000
HW9aC6grBE16fV6ukLhy3EmSgTQreHnBurpha5ofenp9,10000000
BVFss87oPxkykKBYbeTDqasFfFwqb2oGpUwDaTj6Btx1,10000000
6dwjEdbF1c7qn5ovcTkei62ZJHF1KDpv26hxWyPetKdj,10000000
ia1ZrmknT1Gn3ZUGDbvTP29QWtyJ5NHs1cx4cLAvoh4,10000000
Hw459nHvSqiMXh9K1LfUNyKw1Ngg5VrVrXDJ3P6HDkwt,10000000
BSEQHqZwfRgyjAgCSjTEeRisxSm4eun1orWMuiLKm3Lq,10000000
EZWRHjDE5y9EMwNBHKysAL6ip7ACmT1iTWRABGDHe7zX,10000000
8E1WJShBbXsGZZbi4nTvHgicm9rjf5WEskFrsqyF6Ukm,10000000
7SM43L37nFSqC3rJnsyZmkSaPjLbzwthMexHjuXCAuAa,10000000
8hpMwTPi3MGeqr3PVrs97ehjXSRnMu843d2dK21Uhn2B,10000000
CJaURXVNHxtaLs1ZpavkWcR1L2m5KHj77gKNwL6Mf2kL,10000000
F6Wz2kRBaRQMUcJuyEJhW5Ji3dGd7hKA89p5GPjqxRE5,10000000
9rWrLdVCgpmZYjLije4D2kVUNnD5G4f5SraGURy4iChi,10000000
9WGDCcAcAppFQMJSa7taLqbQj2asw3bNWKustxJF71LR,10000000
3of7HYAZBnohz8AXUG62ZZCyCYm5hY1p77wigZeVYDY9,10000000
85a8fSMoe4g3kVhoVgnvW3yG9d1AgobhaLbzdVnJfSer,10000000
CYC5yL58oA2Aq4iCFXefUwudFTRYLEn4gteCL8DUjK6K,10000000
PLBFvi233619Fm4Bm4yDwcFJhH4bqhR6wAigMzg3de1,10000000
BMzxRVqxhQDtkpBhdLDn2qpQKn3Woxx337zGG6pX9Se2,10000000
5VXqV2BfKnKC1GNcgrPpeM1L9RDiwDWkTjgvU9JSQeSy,10000000
Bo4WATyBSCmP2K9nm15cDodzucnRbZAAPm6uNCSMuXfk,10000000
G9NPCgyMHcWGaMiK5oNnvYQJGdHUkhS1SePgyei9eAU1,10000000
FaQTcryGat4Rmy89h4ZRRwQcAWHGaCkzESFmPotdy1uQ,10000000
2xsWcb7jPsrJBXxSKnUCc67cW7qx4KSUVHUX6Sky6HUV,10000000
7GPfRzYpcKu1zhVNeLYmccGLhWFHLmaCaRVbQFdQ97Zb,10000000
DpEiqn8stUYiVteZEZj68jQ9j1QNZCcJ7iFG8VoejK79,10000000
9euCgmYfQoWNavqNB4Co3bwQNsDUb1QAy1EoZS1hEbfL,10000000
3aFG3u4mNWzKZa5s6Tq57Gz9p6peBEPZzNqt7zQGHNJW,10000000
Und8jHRDJxSw5vAEW5D4PCHbZ6mfwGozg62thjF72DW,10000000
CqHJjgfNmGE8zvEBUzQsucy2wTJU5tnXEPFMhyXozSfR,10000000
x6WMvpMHn7zvteicFtqo5ed4AGgg8uiSKhyDivTs8gE,10000000
5w9LctihFGurzs7dQfYXjmEGJhTvDpydj9VtA6KpeGJi,10000000
E34MzG8bS9LCUXfmBECRBk5NfbGkMmvuL2aVJ4BkTxvn,10000000
BL4kgTjWojszke3LjgRuEA4xhBMHGinHokksJKbbYKPK,10000000
CoYzzmhpDiQhH4VQWt7L2BhxggrcGZFU5j1wWTcmGtWS,10000000
4sBnJWRuwQYr3BHTkaag8yHBLdY9GgSL7UtqcukMVAUr,10000000
BUT9UabxRVLdFJ2ju583yCJKU89qd8ia2s3Z9qYTGshf,10000000
EHPPFXD39EjLU1JAT8ZfCF3qhspTC3Cb9yRNGXVxnbWG,10000000
BSvSXr3RiFVwMUhVKJcSAdrkaBkhMft5VXWCDixk4Jd8,10000000
CiGT8MXgMaMsrJLFfJnokbAWkecqDB5NRbk5u4Gk4mS2,10000000
C3WQdqnQLVy4gGwknWamjNJ4dynzAM52wcTX3yq3vr1x,10000000
8ngokEQDpCUY8wpXQLBjVxpM5tRGnsTMBX5zLZ9uqPDU,10000000
9ryo2xuakE7RhG85iuzJRNxcnoFPa2bsThQUghJNTfrX,10000000
44qLZNJTBRbGe7zM1wtp9JcJAV17FnE6teFhJpea1rfr,10000000
ABb7HitZfeGnFDcFAeq5nCtufeM6WEu5YkmqFE7zCuoP,10000000
QXYeYtLiZx427vgLLzWUkHAT3jmw7cYQ794snEnXMfB,10000000
3d19Pwz9HAwJwmHnSe5T44HmDUXq1JKtCrGZSqfSELtB,10000000
5gUCmXn9WwcYJ7EvuSu9B6yQ9PP5Q1wdEvoJDQuDpiwY,10000000
BwCPmuA2xuZkGQERfhwcCGVP4Ynv8D52iYDNPEtuyXd4,10000000
488MNTdq2zQZgkkLVxrXcDP2A1fBYq6veywynP1kEy5L,10000000
DQCQJJLFzmYESNsXxhDwykf2NWiWRY6Df9uwqHtMw941,10000000
H4nr33o1C2YAoHQ4EqsxWGp9Ah3BuPh31f5G1d5Gt43j,10000000
7wcuWX9u5jV9B8LwCZ3XeBQbEf6wPGDiagBXPZ43rMwP,10000000
6n9hGZ23L3WcPgrWGJLqBkBPFRy95KBZK3KjWo3LNySM,10000000
C36CkckcCfkTVGL3Jf83oCQzM3eXyhwMGFhKFQqzFnrC,10000000
FJpZgz7WqaD6BMmYJ9VQMV9zg5RmWjunu2D1uNkWFKKS,10000000
BwWEwRjASnTfjmAjKkkeLuQVin8i3x5nmp4obHk4sVdK,10000000
AWj4R4MmwX5zzPvgwRPkNxpwRHkASFKj8VM6JXjCdYSo,10000000
ix3Gb8gP1rShwGogFryRB2D6buUrWgJjY2hqAi5HDXw,10000000
4QEwb1pcVuAwFWpNKPtifLQ2k95syYYzsqDnUnQ6wRHU,10000000
HrWw9JAKFgTMyc5z5bCfdCBQtR3Xd39kjHuYmaDJ9Qbw,10000000
2hC6oceoFrDVGkCbSiuz1xHksyrv9Kqv656j5Tchb6AT,10000000
DunqNJgM6UeGTeaVe3QStaNKWzMj4JdoK2b8Lx3ugfgh,10000000
BmojHHJ9R7ukoMuXLGppKJvTjzHdmcNvV7ofv9hYsaqi,10000000
HQfEfz1ij6m2pj7zheWJJJMZWE2hmFSg2rVoHex3usQk,10000000
7pcfJFcSHgX26QEZ5HrnP5D87TNog1xuSpH1H3VSQ86L,10000000
GzUNDD52TNLWbe8oZdEVPk6DmBJCm6ZZctkhaKUYhLGT,10000000
9WaeoLo9NvYHi3U5J8koJwZDAgkNoDJzTxMFeiaFas8j,10000000
HFPqF2dUh8nnfugPrKw3zn95caqRLhPTDr7ouggvyVQ9,10000000
5qJJb4JUcHy7P1mM2PKf6vgh1CvmgC4sH9wRGiR4DJTb,10000000
EfBT76R4jKkZCyUXSdaT5PuLTAuHQuyp4a2Wz6VPh8M7,10000000
Hzkh9mGW9md5snd1g23nRdW8HyaecwQNuyeES4ZPuX8q,10000000
DN1XbCswzCPQaFhFjnmLEFgsTRyCzg3DKtyN8P9YBRBG,10000000
HhEfeyU1mAWm4KUmbF7sZ124MKmPhJ478VtK3PDsnmNx,10000000
HPR5SGoZfPhqSL6GFoBgHp4EYdUd3gsFEwyxQ1PL1ypQ,10000000
tKaZxd5GPDauJiFryGG2PPrMCDy7KXMzGXxu7uzvvob,10000000
2ZFLVg1KWyECLM9b7bZ5wFNrm5kj37T8NgyJzTQhez8x,10000000
GGGoDXmixmBcYR881UtcXYLEgr1gWtjsdxXJQgm2hZdw,10000000
DCDUtAxhP4v8RtsPFdYMriRPebbpKCjsDN2QDpGK3xwW,10000000
93Xki5zM1JR5e5ab4XFBwGWidyVze7fTQ6nZ9CdBSref,10000000
4DGpyqbA79jGqGYLkr6hsUXTjuU3wtqW1mTxscoDbCcu,10000000
Cmk5Z1YvM7dTHeoYy3BrJiYkNAvBtkKKHn7YE9X4WXs2,10000000
8jSVkAwpkjfSpPv7yfdgheTBj9Ba1atuAX4VxD7yqdiB,10000000
9cnUZZkFzL9Z7hgAAJV9W1tTWEHWWRc3xhmLFcrjhpsy,10000000
HwwXB5PraCQA36fEbWSridc6hnkQqr4TdT4o2NxEdTvv,10000000
3zFXSnT4GjuPTyLERko4B1gFy9t8Lq9phv56tLRFz1mv,10000000
EQvRb8DK42LXxCtwsjHLbE5GdN8GFYdWJm4HAqn5hskm,10000000
F3VvPnYDUYE1easpw1jCMuw4CQ1p4A7JKoPKSMyHbh8N,10000000
BreUK4LLtCrMn5ZQ1ekuXeiXJaMbo2JBUkmkoCQYzSJj,10000000
EcJhdN2qxUEjmioUvNgMcvmePX7EAn9s39nwk5mbTH4B,10000000
CJW1bbTG5kPL4mvHsyrTstmLY5u8H2Ha4bA9mrDySBcz,10000000
EXUX4TajB6t99AAWF8Kcnu3oLMzWYTwC5J14YRHRhuZC,10000000
989txPTYguvZci6vRMKJwPdwjZ6zXBiEibRwMfMyxX4a,10000000
Biwmh2fsVUuwoN5iitKoZivU7djhPtV894FMWCRD1aoT,10000000
5ZMmeFMfDbiLBcEikRg1eEmrYgpnoypSzwxyubzjUYpb,10000000
DE2zGErAEHJcTqL2Vk6k7AqQyfEQU75XpWGRXX5jtBr5,10000000
Fr6CGtVS1rj6Pvor5RXqKTSXM6FsPNwqtVyFnNv2FE7Z,10000000
AXsAwRy7qQ99TmFaU6fnvzaMiSQH9Ctizu3zCVqKoos9,10000000
H2s7pEYeSUVbypWsZ4kM4MdHrhtXzD7viGSveNLyH5Cy,10000000
J4wu2AnLphCtwGQrLS6RsGiKYhHZX4bzxJMZpEirL2B,10000000
2dXqyzdDBXckpuFpFQTrrBJX8UZyNmzK7gJArLQ3YRXY,10000000
DhwTeUzQEB2BN2VkpYALLqKhaudHxhvKn6AYpvRfyJQx,10000000
7TRjYsK3mvcLmEGpMLCuB4XQpqWAArTUATnxvtxBrFyV,10000000
592NBqSfQDDxs8uGadWDjw7QDvspTw5PxwxXAGef9jMP,10000000
A2F15Gj8chiCxhdnsG7otuZKRD12XxtSqVupjfsm77RM,10000000
3k76Fonj1LDN1eNFJGgJm5gmE5e8kroTAoBwKTnJPjPd,10000000
CxHFVgX7X9kJiGkj8PhQu5czLNeV1ubVatRfdvioWGZq,10000000
57mknBJeRAEBooWT2tzaoUmj31x9nmqKsv2H3ojaCKxH,10000000
5k9KwYFXtGdnKY95wHr3TnWKFuPgnDnYJdkuNtz4bMZ7,10000000
5pCzwvSKe8ra85uWLFDuLDWbFud8JqAAytm1Uk4CYUUA,10000000
Gfb6QirFjx7Y21pWBFFZHLxTQzMsT6KtHZjTMDKH9H9w,10000000
GxXmVxQZ8c3PdzPcYDDUJnqmuoJC4QZj3atBtyFg1ZH1,10000000
A7rbhkhEYTh635B21sNT3XjkiY9vKfwNwsoJdskfT1oB,10000000
5fD5SkkrdenmqMHMSWPYfWxN9oDYahPBwumgD33x9YvE,10000000
EHNQSuYwkbzQ5poY3h9L1DVocJ4a61G9WQgGgwN6onwb,10000000
8fJ3JpQPHQL43xAWpQQ8tN4AdPZUWcrKCGi5tddR8xPD,10000000
JV2m18mULwSzeyhCKdtoeCa5Uj4gBPnBfNUaFgA5KBU,10000000
2DkrxNSns6Fov8fsyniQQSzSJ896Kc6RiuiQGS8jgCLn,10000000
7eFKBaMGRJBDKGVPzhwCRVtvNeN9QJi25bsBHrSxoVn7,10000000
DCqLo493Gf5h9LRQesQFe2XG2HqNkBrHKxWBGQsfeJ54,10000000
CkxdH3Ey2AAmHRKW1dk4ZQpEdRbmk5cUeqQRSYptxkc3,10000000
2SGV4Z6xGRJY2hYUxo4vM1RFynEttw7MfB58xu7vVBQJ,10000000
4x9UredjVbBWvzjrfNTYJuqM9ajEpavCDgEab4YWGd1A,10000000
TzX3onDA2skaQgM1bhJSs5ZdNUhXY6ATfwdrWYNsasr,10000000
EZmb4V4xNTXozNJRutKYsoHX2adHpC9pLd8zEPYVPQMr,10000000
86it6jyCNTkNaLs8CYBhMguujSB96UKKDBXaionHZa4Z,10000000
7DUcnBAwRq8EhLnKw2WHBpb5Zs7q5svU9zh7FAEHH9vU,10000000
"""6LzXnGeKeKjbEJ9doa4ZfEH3CG8UrabQi4da7uVv3wc8",10000000
3wLP17rcQGmjfMSbWeK2ug9JjMC4AtLBytRyMsXkSzwH,10000000
6zqRGa5zCNjX45adn19YvEajoen7yDufJv1VKFvAG6jH,10000000
FnFFLnqwQ22zFfRw2ZvHAgs1fh24sPtmokNmsvZwqiUN,10000000
CGYf7vJCmJNtYVLcFru6KKy9VEK7A58hqrnx1fcdZuVC,10000000
4CVHD44WHw4x7raHQyswpEc5PQqw5uKuMzTMCuwdStXY,10000000
3hXNYuETTpEcXWYn1mzbbRvZBGpQKQuDy1ByvpiHC9oL,10000000
G2SGpNLzBneGNXcCT8Gtm9NjgunvAWwf1M95FK9bJifs,10000000
7CwTmy16GLaPVwzQqWKRovgVkVdVVumuoFCBzNzqpdus,10000000
HG3Du7CwhqN4x61f7z7XhMjSUsNr6ytujRq4ahwaoyYL,10000000
GjVKXimfKHq48kZcvFou29H922JFub59B8CGGsai1EMf,10000000
8d5SLZzwrMXRmuSyprL2maMdoE65tJJuH5x8hsDpN84A,10000000
AeNGvbguk5C5yQ776XyRMJEA52Dabn4pjkG99CQ9KP9C,10000000
7j3veui1RQRHgtK3nVvZWoURj5zBPtQ6j9sy85aFsvV4,10000000
5aqFR1QcNws7EG4B8mykG19UfdkgRP6dGDnGBKHKeBNx,10000000
Gbo5h45v3P6Y2qPg8jvHpjyPFj8srx9FKPx2idJu3bNs,10000000
53UaM4cmBQG6TQjRAhmricXYCeshuhCjhkwdQuFNdZdG,10000000
8N555XPXEC9zEu1nu5U6tkCEpoHCkJ5cXYje1wCYua7g,10000000
HANUmtFifGabPgPNmDJtL4PEt5kfwWyWsnjtKcPRGpSR,10000000
9FForFEf9K7CAYLpHu6fEW1X86Mm8XDvB9RWyGYVAYrs,10000000
6dZnNhpn4FiRTG98cHkWpCYb9UfYWS9fAuQ4jYRBtctn,10000000
CKKGtZYvossJ6vjsHimR4QUv4LKZxvn2r877JA2NdycP,10000000
5koHv1vACuJcJgZ5y3XvA2vhp6uf2azZnDzWZPMg9sC,10000000
4KoaDWLpUii55LvMfebfvZydnWggYM61ftdiFU2bwGfj,10000000
CxCCzSEyp1UgRD7xGtGHUWmZSTMqns7CbjeHYWXAP1io,10000000
4FgGoHawNWfPiXLG3vtNhiphksdyUA5sVVkvQgskx85s,10000000
9bc1vetmVWbjun3nix44DT2Szq1VaU8tujuqf4okQLLN,10000000
4DJztQRu73PsvuVS4RYfivdkbEGJkQXLaaPMPpM36Nxw,10000000
99LkzSQFmpiQDHpnNt42YSxbBziZekb3deHb5XYYjSdy,10000000
E3AZn9oE3RoJbvWJ6ish35bHr8XrddAAQz7GwhuLs3tp,10000000
AYcG1bNL7yAmJvG7HUWWZyJFofeFgjALHjxkiVqSZBRj,10000000
J4PyBHQpfzzpY2BWpnn9fQdB21Zyu3n3ZfcwrwdR1xuE,10000000
GKz6V42jLHrmTSvwA7HW7qssbhK9bab9ovL2dNugTbR2,10000000
6mGXaawMtdtu46gVGjEo1tSLQR1c6k1VQQGh5cdCx4jX,10000000
3f844RgJPPN8cNGa4JdA4ZTESf7hfy7BmJvyi6LWdkXs,10000000
CfUVqw65mD8VjVJwb5soxQYjR8curShc7Edv7HDeCmRy,10000000
EzkguYrNeSwRrxF9nzTp25Yyt8Sgcm7vp2qaQhdiuKaT,10000000
A23Y1fcXX1dxLMGDzrWF467fWohxRduP33osMksyAK9w,10000000
Cw6EeVCH7fw9hL8rwicD6LEb2Zf726meVHGGmh2BHBY5,10000000
CA4RVcK1FmdWfK6ueBc2U6vSFq3FDE2aVJNQHjhAfqFg,10000000
GfcNZgBfQLe5tJ7vMFbsznyWjA2mHZGbYDGuCv9LkYaC,10000000
2JPHBPJPZevorNscjW7NTQ51AmxnsyDGLM4Eh3PfNgV5,10000000
7skk6jtyfU5jANqv1ye8ifq3QUoi7D4c8V8AQdpC4mxD,10000000
CyusZyGWUCxkp33BbZSLsXpWBAuKyK9UkJZYQjF49geo,10000000
FL5tw4qa51UV6ji7C4a7TTJFM4kGdFTpGrjNPvhHS8tk,10000000
HfXWWgNjSNZd7QPvN3axS7m8RADhMGHd3wbjYGuPWwD1,10000000
BbfKaiCiFD5gsMU7tyoVdqhKDCzT62ttNK9A53dmk7Ls,10000000
BnDvNWA94JqMTzLkNQ9fH8Q6py6jtNxjajvvn2PD7TM3,10000000
DVtuajkL17EertZaEgZmcxi8QqG36DP1PkfL3ZCfTvwV,10000000
3RzDqvDTqNG3YjHqapNULnmhvf8SCdwYYsLmy3NqLwpE,10000000
9Lye8zDNCVF43Liqs5Lj9zJdotBSqZdWNczaiZdqfSSC,10000000
6bR5JMgdUQRZf9KcnkbMwiy7o1ZLhxXm7B1KwcQzpcE3,10000000
gETVT2mkby9527987GmbNPURRHxfZHr98MdRgWoL5BV,10000000
E2eqNpPXcyXZb28BzXvQa2Vy9q6QwVYkcHfqa6MGNR3Z,10000000
3Z82Bqnak267MVkkqpSowk1e872qWcoG5rojBiWZUcTB,10000000
DQPdsSVXFa4EpfcHgrDXEYCUDCXdXHYYBd22pL2R2sSP,10000000
B1ToWVu9WinnRUKTToGPVTUspc5dywaR3VFYrBReDe7P,10000000
65VS79wYM8CS3hkyBdJpWE8cCJSFgoKsZT6zZAoBiJQ6,10000000
9fDMPZzVnfP3fnWfj4Cw44KLGS13Xqkwrxn9yCMDQmro,10000000
7XAWNBYoHyfrtXYkhwytMkSqa96mHZ55tqiPEB9TChRv,10000000
BP2QP3z3PLGcznLpfUJbzBhxkyisYBJ9ww8mCa9eLqRH,10000000
P6uHfx2eoJvGftgMGpWkx8kshQYRMobMrkyUfsHZzwZ,10000000
2h9rxcGk8qPQv2qEC1xpDeph1Rkg5SfVHwKRB57uyWMc,10000000
43pNDxJ9YDoiPzb2N4KvgkyxBpEGZym5D99Y6usrv4mB,10000000
3bUiX6sBQkpEcLgNy7e8fZTwAAyhHM7oC7RaTThFQCcw,10000000
5s8KESWFaBfDpBi46tkwVNvT7yA9KgqG9htAS9Hm1G6j,10000000
8wsUXTp5AnHYiRDU3XgRES5Pm3PPwzgDp16K3Fs8Yvb3,10000000
7Hiv7Zksrcy5xmfaVY5ks9zN6PwJLjvG482ZWAz2PQib,10000000
5pQeJr5skVwEuNWSov7c9VuNnyZ9F2tjy19Gb8NKxhzV,10000000
4ic6N28dFXeDegEUQyFtGhZKfPaFLDVxtzHTQ5mRpYyG,10000000
EWQWavqPj7mZFkwa1vMNdRrUH647yFtSJKAfXKfvXMmq,10000000
J9t5bTbCGwZrYBEPCYFebHv8LNhsFgfy9ewn9nFtTSeo,10000000
CVrxh2Ak2P4yVQ91R9osFCmJNzkNeeRf4cpaFQZaExTc,10000000
GD7dARCbJ514RbCgsNw1pqo1HhqoPCYQxzdex61DLwtD,10000000
Ap4c4R9QrhgCmBUeNy3CqfJQQ9yHouGVBUxuheNqDWse,10000000
2kX8TQdEnjSNqAAvbHCzjAmZtoo5F49VkBFKLnZJ92xd,10000000
DUkbzBLvRzdy5DzDXXN2cJKT5XZFFtwgKe9ppqNcccPq,10000000
7T6hoDMyvmuXVwjN8gvoUCuwUVAx4XGEZpHpDPL758ni,10000000
EpiLwcAtbth1CYCWVCtXgcaZNkyiiU5epB19qhh3kswW,10000000
CRxdUMT3cFQpW6VQJ1R2WH14CHyYcqbbxSCmSD7PF1tC,10000000
CCKu9U4VWNoqsnUNQz8xxpXVi9wtKSvazzxHmWTAMQQx,10000000
9h6pyZ69kWXmsqG4t1EWqqzRFvjec8ebBM7yigS12fXS,10000000
8KLipQabjw1zMzb1SotGeWfvPBHeH36ZYLNPaYSdxmmG,10000000
A3tDCgbzWpLbdScQ6q8EPF6kJD4YXVCTxsxkmxRRV7Ah,10000000
2XbHFXyf6ctTUizbMmFuu3JiFh4BVUbn1L3WCmg5CA7L,10000000
D1MFm7TRjW61u5LVLYBbPSucUhhweeMNE2Rsycdj2rLL,10000000
96cvmXYks4WWKVCiXrs6cGrWhxnTFNe7QcFcLhqHMLQg,10000000
4eM4eJFJRE6sJ9ixd2aPcR87vsUwLshbTHHDJupqdcXK,10000000
5wjLMKmrJF9xxthP6h7yEzpLtZTYvbRzomGncEC1n1i7,10000000
3gdSDfsm21MxC1oMoFHJJvN4v4vBNMkfGW2y3oMbYRJu,10000000
D4WBk5bsVkfx6soj6VpDHkiKKsywpXxunU984gW4ddBf,10000000
5o2dg3wLVWp1euqtVrJT65LAbjRZ5Cc8zyqC5JQW5NNb,10000000
2sQrJammxtiD4Fx7BBHZqmUiMLs6JnHZB8C8PdveeZk3,10000000
BYCaRiVMJkTZYDvfLv2VxS9vpejZm6x7W5sKUjFhDhuK,10000000
D75o29V3MyVTfAQGvEN8XHA7Gb85MHEQs7WPLPbCLSQA,10000000
8z2JRub6Go2Nb7sHddLq4AnZmUi1LaFJAGmCSG13uw8B,10000000
41EiWXkcouBDeCYaFqduGevYqsCiXkVBCu3zy4sb1k5g,10000000
Czm5d5ujVZjr9bj8P5iA243Ka4auzhN7nSwsFawAfmvu,10000000
UQtWKHxtq75oKdepn3Wc5mAiBowbwgVYvueADGcpbD6,10000000
4NX3WKsvqDq6Wt8FKSyvA281gv6prmFw4tdKDF1CN3om,10000000
C3NyXUs9FpDJvRdexzZuuidUmv9B5pVqpkAxPFe1n9rS,10000000
6xMLiLaARQnci3FYSah4DuPxpQp42yWBbMQqp9fepSKh,10000000
BHrN9s6NKFMxeWhkvbNeTNek5Juyvp7wA9QVLPmzXWdj,10000000
7vBhgvPvkUn9WRXR31tet87tkqmQvy3qaVxtsEmX5C89,10000000
4o2xyAyxNM3gxFaC39Qm5hU7gzKb7XQGYJNqkEedgP82,10000000
T5c295B4T399yq1JCDZ4EsECohy4ngBZQoFYymuXhMW,10000000
7133Qo5HaVt932hCfsv8sY1Hy5FA5Q6t1aCpGvN8BX1u,10000000
y4B22uCxoEJBEi5ACCh7kMjuuHq3de52VzaYxftEZFp,10000000
246BDmT5GSAyGzc3GPjs9DU1bNLATqBSC7bZf9UZF6T6,10000000
Cs3Xti3KUUeHiYc9PFygGLbWR4aNBdSmVWMYdD9gX73n,10000000
12sgSvMWjJp2khyXxYr9V96PXe3HoKXpiXymNXc68GW9,10000000
DWtBk2foPUbXtPkc4BjyLVDALqccTPMEHZtSYCBQyb4w,10000000
G62wzVFtAEMkUQhbtCagRJAfjDvK9ssMcoDcR5BFCANt,10000000
3Ptrhbj4owbSGRnjbaq5XPnf9Hc7cyCC4w33xBLxWAdr,10000000
CArsFsWnNsT26MMC9a1MAsn6txNPW6cJpVb6bJvXLcw2,10000000
ErphqRQocVAJFu2wAuEFZu9DEWzrQKx8ruepFPgn57DX,10000000
CbQLibgz39uEHjqgdXKwvSngXTvfzEBxvMzwDYxFURdL,10000000
BZ8YyUD7P3DNvaisNz9z7EwKx27U9FDq6Vitp2Rv5xuZ,10000000
ATmjasXwfFLwdT4yTqaZZjK7GQVGQMXXQ26wNzTcHSed,10000000
5U3C4qRQh1VKA4zkH32ru6dnYHTPyxuWDoe9SCEzPxGs,10000000
6rPnAyqHd8nzTfVFVU341C82zAiGQZmt3B1mGvfi87Ht,10000000
GMde6WgwDKPRc43GTmeHhJj3qdEiTsFS5tgiDWWbVVhL,10000000
55RMrNMg1zZ6Njku98j9Nzk1nYEEGcnQH7YneM6bmMNC,10000000
HjNB8BXN5Jhgs2pGkhXmEC8cRLDziQ1L2G7GLjQDeRUp,10000000
8CufhQfRkp6kJTLsWb6Wh9EvTYMDpB9vsCM8eJbZfCMe,10000000
FpqxeJYKsAJyrv9YAhACB7vzXrsqH3ksiVUeerxopKRM,10000000
F6zd4GETavx9jHVtGvK4yfDQ7TN8FZrP9R14n7LqShbF,10000000
jz9CaLhgMHvV3u7ZGFBnW692gQpD3nJLoQMz8ZJWeHC,10000000
8x86Emf8dtNL1bNS7nLFcHnJHsNwGcRRr73DpQJUAVZP,10000000
HiVen9MSXj5LgXJohqrY5FqEx7j95Z2zvvfQzVpec2yj,10000000
AqdLBRZEJW7uwBBPdw2qyc19XBRx74HuAcfUHQJGwZPg,10000000
2SHUMmR2FF7rUxAKWHmrZDaS5BNTv1WwPHrPAst7yf1m,10000000
Db1xuvR7cBw6bhL7kz3rkuMNa7BMUg3vVQA4i826xaEL,10000000
5UACDuHWEM2Qrx6Ap4pPokZFaMqqFLrQdvArqxC5ii2K,10000000
231PjzPpYnUWg9HdjmU5c6FjXbKmgvva5TNKKjLkpd7m,10000000
pZ1wRNncBoMT2XpWaCpU2FbZkjCiKXTyTvvfezggqZ2,10000000
WJLmQiU4jMLYqS2venCfy8SsnFCc1Q2QoZwxNnDRuA9,10000000
Dv7mgboDB2Ti8DsR7nqMaPUiY5wgXEK4Jd1Dd1wj1Bq,10000000
AhnAyTZV8tr8PrLsWSvf26Xqxut22rh2HBE1ToT64SA2,10000000
CnpES7W5hngq3FYZbJXoKjg2BdCQVDoysc5SfFABXLni,10000000
5W9TLowKCu5yeM4qxf7CYAUBZ4VEe3gTgNjjNq7MwMyB,10000000
7ubNbNd8x54zCNwCRXPuKfmqTxKav7oW7bS3TH4oEbM4,10000000
6cY7e5fhX7fyczfqq3dYiwPvP5VpMFAco6FoguWPmTJm,10000000
7ZHmGxo1vXYd7CENpxjkc92pPwTkTM6xahkKGBAFjDNi,10000000
Fqbv5L7xAHi3wPYkzpTNwRZbw33nrLL9Bx2FDQPBoFJD,10000000
2zrDzPAWUWVC1MDMJm6TfrTir2yWjS8izUuyPzqL6btN,10000000
4N1MvMCpYpsSLZmtqkTxbYHaykEXegKANRaSsnUX3kbX,10000000
BFbxbDJsuocy2UtA6Jmq6soQ9wfkk814mKKeuJtnXGwx,10000000
5GuWzsxwLUJVD3W7qGPgMSheSXxnvM6YwvmoHv4veKeX,10000000
8ZnMa7JXEweSsuKS1euDY1YiLo8HEYdeBL1ZVn7W7Nb5,10000000
8BVYiy69GtDHVZ5dpQh2sEbBj9NsyeAZXP1m3uBhMgA6,10000000
FwiFbB3VJLnTaZ93Aj2voZyj3L8cstVVssgbSZ69qXYR,10000000
EpbVfzy8LxFXrKjZzEvKz8h32A24oqXyXYoLxKrPLhkL,10000000
3riFv43EQBn9JUojT7KJ4uwF6VQLDM9rBV5BFSg7Ai7A,10000000
FKTUfrkxs6PZJjfcMqLLSjTqLU94SKwwZRKj2XirsMuU,10000000
EDkMQpkBMqa2S9ofpJLqhmFFF3V4vVo6vdJTRMKGu1V7,10000000
5HPTXNarAngfferV3mgHVprMrK4amC2Le2BawABD7TCF,10000000
CdeekuYz3LVNyTRHrxqKqE27j2oaL3zR5F5NaBVkY9Po,10000000
GXZNpqFcRsQAA9YwpbY6NwawSPmbrcCrsNLaHPsDHSdC,10000000
3GgEpmgpRdsZujpimPgMo8dKtynps1pkHqpgD6aB5JsA,10000000
Evo3JPjoCSeWoWCZdVGk1U1bYgrXF2AHgWiFJ6Vqv9G3,10000000
BKaiCjgLrGEz3utcTcJCXUPQzPV5XH7jB74EGgtYBCMi,10000000
acRuSLHJZ9qxcDwrPHmBQVmLgt7mBiVPwLDg9eaFxqG,10000000
3ZaMbxTsz4RyLGnFGU1D85VD3hJEMdF2LGKpnTkg4DYs,10000000
27sMd7XhDkbArEPCyye6d5jyRTZwXu4Aqvgjm4ZsbFid,10000000
5GpeAyxujkC6nuXLFt1mp5WTM8C9duk8N1djmvvVTuTj,10000000
77xQ8vE6xtUyTuxDfgjNE5Zu4TYvZEJym43FgX634cmb,10000000
EGoDY8CBes6KwMW8EB4pJEZ9wLQFEWR5fU3YJAyGxFGg,10000000
FMNsDTkDeTV2p4LqwjB6xz7eoFobiEyU7dTrbU5nVkFm,10000000
HmqGs1m9sKXFuKJGVwyEwjXfhLvqSpe3EjLwZdzzttm1,10000000
666vxjPx6gYbd98rFBAR2jR18hnuYwGUY2futXg6rzTR,10000000
2jMgCEYJXgwFMBBSGvXoMpXTRvekHbFJTRufXvQqksA6,10000000
BFXPXUkzAJbds5WnNoTeHSX8mhN74trjV5FsDUCJmBRF,10000000
CRicUVaYA4H4ktoTEWtRAhqC4Pr6eojHnM1REHZw5zjg,10000000
8YGjccghcyggTcfn5wjetpRz4r2Z3yK33QaWty13xF3n,10000000
EYG2SXeXjxxYR9bPuyE1MHokW5ZH3ZFisE1U9C31BWfq,10000000
J5wgK7KY8CwKfUkgi3D2r3TC88DnGNYnXxjHpwE4cXcS,10000000
2CTDHBgUiRqLgPa7D8tvBm5rfxvZFWCng8i7wMXVcePY,10000000
HNL8bubxtMByP7qhJNbQmEtd6DgY9qgHifGqQ9hcK9PS,10000000
HjaZSkzJP8k1bpB4373MUoPyVzqBERAAfVSKAuTXQZd7,10000000
B4jsAdFEJasohF1MCGBjUvQLu1XPbw7C3QStyPForLAj,10000000
BsxvJXsmYbwBwkzJRHCkAktK2BkE8XcGXQuyVoBWYCdZ,10000000
aUt3G2S2q6Mpa2bU6wvALH2q4BB3WzSP4pKDx1FcMav,10000000
D3i1dP6E2bXc3c8p6KHPAWaa3Gm8raAX39ejDcn6Pmte,10000000
3jAo2DMZYfgmjbV8jmcad58NECU2YZx9kUbbhnfxx9DM,10000000
Bzpi2rUyDpcqgtpq6iVx2aixgeBt3XjiiX5G8jZniREw,10000000
FU2oX8i7Y115Yx8FX1tEhLrFL2FDf1xEjjAVJNYktngp,10000000
FepYxnzJ3V5FtHA3zai6rxr7E6z7jvZWVrYLaw7bEVdr,10000000
CH7AguaxL6DSvwYHqV37BMiJGfnsU4GF2BESKVtPvrhL,10000000
7quHw1jr3KzYS9ubvcUpzAy4S8fsXN2B4eAnhZLZejD4,10000000
81z9STaXiV8nC74vSD2FvAmca2mEDPJzS6GAvKYa97W4,10000000
9Lv1hrftQuHEFvnjsk4XMwyBQfhPW5oQdH7gL2zQikKn,10000000
6FrtZGu3SVm3JmSD7nn3UoUT7f5r1HP6eReSadzEaZfB,10000000
7yJwybicfvipb3HQUYY8aXviAeZhChU923UoR57Sr2uT,10000000
7NZk9FwQrVPCmqPiZNcXS7q9CHAHkS1aqbAHzhikPugX,10000000
4MJm7rMHjryybD72sY76pS64rDXK73CuCwaFC7QJkWDp,10000000
366BeAiwKJ4GaLvStLM8ZxGYMbjPPx6AjYkJ17zoaa86,10000000
J4KLxyDCYgmdnxeR7SgVqmejT9SSfRrcu7SQtCqJA1zs,10000000
FWLeWYKYSF3CF69Vh2MQtn85LqTKGGAWgT2e3rrLZGK3,10000000
3Y6VMZtesCsjsjiHzmP8BNRnx63Uwn9wo7mZLAfc9Uvt,10000000
B89Jg6ek7AQ4YaCagVLvzfmuwd6LrxQE4FS6u1xFWFhT,10000000
9kzfvyeoXugWxaVD878rYLK3HWWoTZkHQW4ExxFej5BQ,10000000
6yagDyJSCWLfYBmCayLaDbEMjpywkcm6oJdvUPdX8p3b,10000000
5mysagoN87KBeRjaoZ3iDKvt84AxZYHdHj634C4PFuZu,10000000
9QarkrKt15SEZ86h2SUyjc5vko5gJThS4JFvJyQwHwmU,10000000
HEEcfFsp6B3WAnyDrdQum5tYwMjJaRdUKN2tox4asRhk,10000000
5FgogtP3fUkrMZgw8Gv6yASpeuLfQrKK18bx1s66WWWN,10000000
BaVcgarT6KbK5icvNd9Tumumf5VexB45gfVRF5hNmfAs,10000000
Hq7mWJFBmYT4yij9xU5WNVSeCYLvEmDwYfpCNYS1MrJz,10000000
7Xa4Rfdn1kCvye3TRyZJaV1gfNm2CAMXREQviChu35FH,10000000
GCWapDfRVfX6MZuyVLF4VBT39ECea6FqXsHbbQ5P5mXD,10000000
8XREcXkRS3fCeyR1SjpB5KfuJMmrFsSS4avuaq2K3Kpz,10000000
7YmaWjNJCXWdMw6vjoQUNDd4rkHXDLQB4YT2cusneD21,10000000
HkcSga6u3kiUy4TrTRsmkHWvVLrhWfFPYzgdLAubhb1U,10000000
BBqZbh9pZzDkC5xjRYgzQaXKQApEjfrsWjBR3cFspLwe,10000000
HJxnc734rYYVtaVd32Us9EM8Dgr89Cb7M7fqfTNU962i,10000000
DoKq4qENoLAuQpZ52y7NvE4GB3k3CSDJKGcMJ6KsU7Rz,10000000
5MdpGVnayeFB5hGgibMTWTF3b9uo8eSx14SM1FLP2i4z,10000000
9743Wt1yzZ8WPeuXoTTMzWCz4i2jT7uBKLAEhpahsXyf,10000000
CjXjBPdv71XEBYMYVoNGPoEBEKUXuLCHM3H7PUaMVPJw,10000000
GCtyWnCCvkMCpwbtp3vXTmk5TvxLMQyU9LBAVzdjJpF5,10000000
dRpdcUPTHepmASLxNgZcrUvQRh8sXUZD8c2Kw6QCtpQ,10000000
9XiEAzMyKBiBNvnf8GZRc7qk9UVdXCwBv32156d4jRhj,10000000
CEAeNQSoa5dfK8HRTF3jZiyH3cQt99rSXcKX6LG2yDJn,10000000
EfYJgpEkwBgSLUg64e6F68XiN23k3Jy5jSR6Nx2MEH4W,10000000
FsHZRcGsMuSBGqEWWFhJ75WrDgsXQKV19A5VwJT22coW,10000000
GhAYN3WoNcPJ7WVz2kzsh9JBKjGp7W98uE3TqD8pCQwS,10000000
36w5GCawLkbyc2JsgU3wkEM9YCUEcf2BERv2EKp8oL5N,10000000
eJJGzQqLtS7kmxFtRDgyh1QjrP238YkUdiALS8wHnZ3,10000000
2o5AVXjoi6taGXsQWriJJv5ybhDpkwoiLF62pbenC9BC,10000000
5i3GN24cQrkzo8U3puanQn4mBkE42oT9MofDgWwgWRKJ,10000000
7LSwhqdnUPw5vcZ75GnDAbdNPPPSRtJcPN1KqVN9PGJc,10000000
GT9ApNSUymn7onxkA4eHzq9tRiRv4dtw3jJt8x4qkanH,10000000
EtruTBVt2UB8Dru1XRRJpD6mqAyHHQ7PCNtow2xjBZCm,10000000
bk7YEby293LokLC7pYZLnQYw1P7gtDNAMiUsFZav7fE,10000000
Cp1mQBvmscUTdFTf1zdE2JqsEai3pDUg1kvqak3D94xr,10000000
551b3VGVvDrJ63u1VcyhBc3WSmxeCoMHerBBm3u5D6GF,10000000
EKQMuYtdgdoYtL4vtFSpv59p3nJedT9fxKyMPW3QWSXZ,10000000
HKaWcDCfac8ufaiowbALZLxLfHPkbj92WSku6nfy7Fw2,10000000
4TwDvGsBWyobQzQFdHGnkbL9qjthqvxfQUeW9kFBUYbx,10000000
DUK636LSExhenGbg4UWBYZM4CRgQaHeypJzvPysRLNie,10000000
DT3N52AWzC9qhUqeQvSJE4aUqK17ySoVVh3wgTYzGJmh,10000000
C5buHXnFptsgBMnr6eQ7d8bvkW6DeTaAR1Ez6cJY6HcL,10000000
CCLYuuvQcBxvc57fqebui5XWaYtfg4Uzya8bcP8UUYp3,10000000
Bztw5TzZqfBxU8sJ92oMrzKDyKG3fAt7XAt8S3hFu4y7,10000000
BakKffydUB53x4DReDZNfPzYZiEuPqKJNApGztuYiZFU,10000000
7fSdokjHUxnpaNJ9MeRSZZwfdn4EFLKnXKAwBnFTHj6U,10000000
53dYVqAc5WoHj6skfgrRZtkm9DndT2zZhiDCdfnWZEHS,10000000
AhPGbH44vDg6NhK3S7v1vebCGKDHCxUCJb5uv9zqDDqc,10000000
DZUiM4dd57YeQZ91y2aUnW2tnnwHgaLJDvmCzmxTSvvb,10000000
7EE6bGt2pRCtgxFiLSzEWhVnFaXjxWRqy4Ek7gTCw9Rb,10000000
GiwnQE1FkM89wh9pYFWviLfeA3pTsj3D46qUfw2JjSvM,10000000
2Lu8vaMgqF2D6ziU7bNDBwzV6Rbt5vJHsHUmwbtKxRC9,10000000
74xJbwJZ3TeAPw42yYjwbMY2FsjQzP986yzyjvXJCFLh,10000000
8fzjsZVeiwZZmP1MToshdwKKeCgxCyoKSUVrC42nVG4n,10000000
ABbe6XAGxU29cJQmzmWbRpBy3WePYzti4RpereZztazr,10000000
J44nzQur7rSwcALmAPaHFr6aX3jU1hFPi4utynatPSPH,10000000
Fg3Q9kcVQAjkGMY7u8yDvNFqfzTpgHck4uL3CoDrVhLh,10000000
J1cWpRcno4EhCip3NbQerquVimLKVs48rJ5w2RdDXLoz,10000000
5JMb3Rmaw8LobU6tf3jXcfjCzH2e1PZ7oUB6BkBZqGJi,10000000
3yYCj8JnbXbEBCdgWqAvtsGK4v6uFyPBiF8DxZtvqXfZ,10000000
H64LWYfphyeeQr65asf3rWR6K8E5nGpkF4jD1tC7KuEa,10000000
A1LxfLZBKMPAmmQJ5t111QPjSe1zEsDWnNnJCPMwZBu,10000000
7z3LyCNrmaJ6HUYv3amDHW5wqjvFDb7xT435Y8fKGpRm,10000000
BN6mL8uUo6c3QZvRYtC2HXqV8EEirnmZGrKwfvzb9uva,10000000
4Fo19upTqSBS9pt5ZCRDwztcMMKHgKJmTSMk4NH3LCw7,10000000
5XB1iWvLAvTgxhX5tL5QbYbQBWU5pKr8iSMxvYWbYyow,10000000
EChiWkZhMLKFA3gXV3cL4SFWAh41PnvG7QswYuHgKVRL,10000000
GLEtUw4txaTZHCwtRNkh6GXM9geNDNkfbtUjuT8MUBku,10000000
AnSKh2cyFNcAgg3ky2Z749DiBGUaf61keux5U7bMAcRw,10000000
Hz95uUAh1yqb1BrodRoykd2RHtbUSqn7VMWbPq4i54jQ,10000000
7ymC9kyakAEi638TfX3o8PnSSGLmV87oFkWSmMGuVKvr,10000000
67y9FVNrogpe9rSHhM6Uz32jFuCW1Q2KowAFPTdJyFE8,10000000
FRf5UFQvrheLrYXniWVJ9DDKsXLYuCHy8meqNwZ4Bpch,10000000
3yegZVNbWoxCeECzCj4onAaof79bzXg7vhZE3vaWrSGq,10000000
Gb883oP1jF9AJYqHZVSBRdBL8qDKVwtsxyUw2VWpAXTV,10000000
3n4E57somkLDYHHayEha5r8wRjenTahex3CkBejEb3ft,10000000
eo4LFRCTSZihPXxNZbYKqt7j5Pfsp4VXfMpbfYr63Vp,10000000
3tE5hpARVUHJGiq6ED1Hg1pFmUqzhqYEyL84ySdcKGaD,10000000
3JoXRw6SKxQj9KYQCkzDYmHTqC75Y91tUQk9LH2oEyng,10000000
"""14mAgd1aChXk4kjcT8rsyUsF4DNc7r3UW5M3hoihQxL5",10000000
3CtDygScYeGvjErta6XEGzSaAGB3YY8wpphTgr1eQkQy,10000000
G6tNq3MpSyzPLcXq4ng1jNutHHEQDobf3whmbW2Yko4C,10000000
F9pHR1bi8AvACvGX6wCx6rr9y3n433i2dFtL7Se2zWDR,10000000
ALG5zHtESzcZPmLQMcqVvWCoF9yBvGVvEztfphT765oT,10000000
QQgmYeNZN2BMs9y4tqPzw9TzxAwwBkbmVmH8p3EG7zZ,10000000
F8xCgHwPFqUZVSSrU7XLgLjdUkKrBHKUyeyyYTkX49Yv,10000000
Fk9NY3TNCvf2UckByrqrmsBtvFUjwtB1TWuVsBYvZCkh,10000000
5MtXz2Fp9WbfbUaRsJMcEJu3BnikvsySiDRj9iT288Ri,10000000
C6oZUgh7NLkPFB74qCXANsJEibc5VaTh7EGnbbnwEiF4,10000000
6DMwKAmk4CD8ewuZx8w2xdPntGoDXzHz5dc7e4NLDkbe,10000000
DEdzhyZUCsi9oJHtd45SBxAambEVY48b6PVFaHfp2EkN,10000000
CekhaBdphSkLVna8F2oF42ERV7SrQVVwtW27mXFupXEH,10000000
8NkxysYv5wbLeT6VT29uxKrWysKXS6c8YhMSh7vqQ7P1,10000000
3H71zuRxi2JishN2VZYUWnZe7gQus3AM48ap4UoNoRQ9,10000000
CJYkigsEsFBa1X84DPvohJwngS3i9whke57Q98hd5e8S,10000000
5EfFRh85ohxkoxsZmq2KBTsVSLJzD7dhhNDhDS1ZHhQ9,10000000
82kLHN61HNJJQrg5e8YMbRzgHsFg8WkMDo9HpQyK16KQ,10000000
3YopoeQJbNXjS6kmWWyZfvn4kymY4VaD3MeWoVvkcQQ4,10000000
BZM6VVjh4xHyGCG8k83htHrjYzvXuZPJPLF4wzTZXxT,10000000
3AV1RpgeUGxcsTvnrvWRjwWGULBakGqDuFttYVMh8nfV,10000000
G2TuzcuG41fFEwFSNaBA8jqBeP7rSVe832jtHt7DW41z,10000000
BQ6joy9qxNUkVSp2LRiHKSdfnx4YVjxRUYGC9zVax3nF,10000000
6hs45UPDASKRgTtSde4MMJ9ivzhn4sZXjs7oNHGWBDud,10000000
An2mrgzzD664RuGRqU2XyGVPGLF9LzeVKSAxSVvnacyx,10000000
DEqvZp4TNqqr8VV3FpJVwXrTwK67s2E7MvciLjQWU9X7,10000000
FYzM7Ernrmwc6CbhwS47ymyxxiwyyeVWcE14ztLze2HF,10000000
KiFF8Wt5SMAV9uAifQfoKeG9cQLQSyaiANsN1ZNy2wa,10000000
FBZ6aKn4nL6ubLwhy89xHgHPUm3TCWRJRdfM8ULYK9SJ,10000000
dXvcgENorWHARm2QzRci1y6BDoFCZKdZbfqvtGScrf6,10000000
khy3mWhYVTmv6YtCTXrdBPFDgkQnbhYMjZdTo8V6rcD,10000000
3YxN2MxMeZ8HGEtFm1eGgtHNczPjMXFUW7u5hRK83KYY,10000000
Fx83DvYTPJXdecNDXNaBrmftYmJmuqh3YE81m7CusE8n,10000000
DiKVKX7L4mfYJMKWhiy1S1xAB7hng3ExKNd81vG7P8vx,10000000
Fa6Q7Bt927HnqFPc2BgASgBgWud8RhHoGCX1jiVV5Gf3,10000000
BEoz2mPk3T5Uh7Mc5uoHAURjczQWJcRLEwiMgLNspecC,10000000
8hr77pCwxMnBbyjYEUzD8wjtAawc3i7Tx2CVSv3DRpgC,10000000
8Z9u8ByiZiqtnoGyXDJk8YrgufJ7aooqaE7hBQewDoGt,10000000
FXS2gVh5GzwkAgMxWjNPgkupYBBneWAvLizTLaULnTDw,10000000
Eexq1Bjop9f4X8g5XVrVUWu74mtDu6rQTTruW88eiQfC,10000000
3QeoZD54PasCpoKhDhWoJkhn8rZ7XWDr8Xq1i2y5ZRNE,10000000
7ach1j4i7J3BCzaAeZUkB4xhQWvRkiTk9Qfn7CoyS5z4,10000000
4xvuvmcsWqP4uAupcTQTRhBPUmewYGaH54wDdayBkMF6,10000000
EWRUCE5fA4qrr62mMyLKHaaBy4U5tT6NEKpVB1Ruh1q1,10000000
2RP3YURPyfqmFAuRTA88xJ1msY1zbfCpzw9t7xp3694R,10000000
FeEfJBJo68Y1oSwcaJQKYH2pTWSP8PVcQLoge4WxwcRE,10000000
8EbcWeDBRBRUH13nZsMzvWLg2gdupD2SpgnP8aQtGirK,10000000
AWShBmPuw4zZbGvKcY2dkHbAKzFUNdhtcyjAPpDY2uGs,10000000
6D4Ep8ywf8jAb1GS58k3LfrGC8URf18GsbqfYiQkDBs7,10000000
GEoTc4DtzP9EKpEQsRk9RcJfV4u9C23dTumT1FxRTsW3,10000000
9YNqpyvkuy6WDG3aDq2hBGBtNeaWRJQMiTCPQy4cvkiq,10000000
FTrv19SRNvvquyCdiMk8Q65NafVPw64goeFbiujDBj7i,10000000
AM5t1DiJqT94UpDgTkh1G9X2jg53N5PZzwRZa7e4dBJo,10000000
GpU1q4qsLsCpaJ36jX9xoNbtRQRM8RgTHhECqxXxsEu7,10000000
GpqgiTuBm8gn9KQQACqh5QB9DLpZZEXZ39LRZdrVrioV,10000000
7a4JWHzMiQGtzTgSGaHZdFkqgXdzy2GgnDLkGSrPCNfU,10000000
G7Dtx9PTywEqm1HrM1rdPuDEyBKQGmBToHYXxfrFFmww,10000000
5TSsE25hySgYnbPHwShVve3RxTaqmxpkPoV8Dph2pe7v,10000000
9NiCoT4ugPu3hKEXJRLPeo4d3xVsTm4ui87C8GqBg6ML,10000000
6XbwbZm4zC7aHDNb27ui4GVTLkK2CQLqtu6ddYn5TCap,10000000
6RjxrXg97DenNC1dcATDSJEqgRRtbJ5ARTosKPZMNHCY,10000000
F8utT7UAHMU2nVzVARLWBomBdBqp7X86UxV2WpsYuQsh,10000000
57DSYNbjNify4bZrTKKmUXWrdVS8bdLZZRESRTqWKttt,10000000
4k6iCJ4sWbjowKNdUvXmm8Ru4HKC3HUvUrT6MW5W7Uhj,10000000
DVLWVmhpLUvfMdHSv1hioJznabCb8XX2XkkTihTCcHA3,10000000
7xcGZuDwqtxCXgPCTWJ3kgYmDQ5wuqYdxb51dYV9brEy,10000000
8PRmvJexG6bH3hFFjDJsd617RfWnuVYCUbxNSczzavpM,10000000
88xC6SpuCwt6An82Cd5RaiGX9yhMvLQFSHcMH8Mhmr67,10000000
6L5z1uXtvHMxu2iPv9HvEWQFgFygddxdszkUt73kzhcd,10000000
CPBXX1MG31uSw1J8uzBsvxDp3xLBsLPJuXo3piqf2u1S,10000000
9iu7Jz1asErgwNJ4QeZTuPgfaY5wo8sJbdDxmxLfCzAX,10000000
GDuY9rMDB9JufMrqjfcnLBwyUfs2poEwt6hkJXpyCV1X,10000000
FRbNd59YX7UphzHHWih43rZPcmmzA5PFA3crvHkdPA57,10000000
84Vm22tjb4wBt5pZ4u8bGZ8RXLF9JVZsW9EzZKQCndR8,10000000
3QiUrjPUKKqhk3dzVxvtQCAGVJKVG2FNtjFMME7tz3L2,10000000
5qvoS43paBu8hpqvKnAS1655HjKPdApkdDyAbqkJS4Cy,10000000
FZwcu75EMPTJ8sB5mdZr9nNVvCPsxPZXg6RuR2H2gUog,10000000
8zWbWg7tK12HLEkHdpknFYgerezSodKsyxA7JHtMytgN,10000000
5ov8pfpDX5NBToyQP7psNzaqaPSdLELsptxMSPE3PW9m,10000000
CZeZToJPErvmv2bfAcwjE9vFnYFxhF9epkmkjm17P98c,10000000
GhH5aaGMopvy5Z8fnQgbj96FeW3hPmwXa1qzXJq5VF9m,10000000
8vE6cdGNN18ekTMRYkQ35NZvAK1EpZF9xUnJPieepEHA,10000000
GmoBmyfKVNnNKtF3SK9DGbE8t3pBrStc8UgkV15iEh7k,10000000
9KKWsNhepxsmGM5iR8uGEasLSycqZjPyzPi4DxRZcho3,10000000
7Ee7o7hnh7CzeUfiRR1vSZx8Ux65HnckXHx9SkibDeak,10000000
GaJ9EnRyuuyy6td3YrAJE9jNPGtYU88PHSahjkVVbSDD,10000000
54ZCafxp6KVHcqsrcDyQaG5DDxLXo3mNuuq9R8BW4YPd,10000000
HzPRoBEEweeokPG82MzzeD6pwTC96jubBgCZ2Uyu2BMk,10000000
GJWf4tibYeEzzf38uTYQPVkaXVzSQRMERnRLJifuGRox,10000000
F8Epge8Gzv7gtovHtnJJFoMASaDkvcwuf7NZ8KTGLP6u,10000000
4za8FF7KAWBLskaYJKNgkvTZg24rFGbUcADrqbrCBxEJ,10000000
8s4grD88aQbZEUB3Yy8BYzmr96tU9uw1P4jzecNhtvyT,10000000
AMvwHvPiZSKtQCmHso3eyuLHWvZtuxMB8KqHSmA366qS,10000000
F9fDLpQhTn6FMjRxtTRbxhBRRVnP2E4jbLNmz6XJn5s3,10000000
BHjTcQKVeVQ1fyh7tfC5o91QRAfPwZPXdY5PQngVBC9x,10000000
9n2BjARdC4BLD2co9B6X5ecB4oquUhoMpKDTC7sX6ZkK,10000000
8dFuCTXe9jpwAjvYXWHYC5o7hCRBM2495xiHjWM43hFq,10000000
HjKYEviaMhHQMaLu9LHNR8t6e6QpvVbeBV9Qwv958nVf,10000000
71xHip7CkVXzc5n3DYVpyC84brNQJnSidwTcT4c3S9dS,10000000
CyX1zifidaYrvgmvVmcJcu2Wr6sxTVckGzyB4Aa366z3,10000000
5dwMmg4xKsxw3W27PgzVD55PxopoZ1DnMNeBN68VLygV,10000000
DS7fLrtzQ9hMqh9wX7SJSWECKL5ouCZBzu6dF8eSaASH,10000000
4Rgvk5RcGGkKAkTDm4ZPQeR8bGSCGGpZi7c1pPe8q1fK,10000000
4juX3nZvvNYuLsUUm3gNexQw8SRUbcEqPdM9sPaEbhPN,10000000
DdKUa4nfKh7yqHddsKYvFax9wv3BZYbWbKkjZmFXT1CA,10000000
97VmzLUhUfFk8uU3MHwdeLmdrZDcqW59RQzFBZuyZ4LZ,10000000
3c9CkRVubLM5E7b6dKev6r7CFaS2c5GMHr32WYgh7Hvu,10000000
7SKtcPf86qZos2Nuv437Sm8QhoHV5uihDanKjUaLv2Ue,10000000
AWs1QSXgEhMjSYPTMZvrnqvUnSx2g5XVetVEyc4M7aTg,10000000
GWU6Vdw6vLGPbQ2xSeAKCg54XZe7uFkPj9fZXe4CcSJ1,10000000
GBH4x6dnSB3GHVjoXqNy3mdGiJRDqTtundZWUGXCcUGd,10000000
Euv1SKgZdzthPoCrpjQRkwU5DjSGhDxiM3rLcgEt6Yoy,10000000
BYLZLBGY8bPfL6AqwigRCw1tsj1e2JqdosG2rABATN9E,10000000
76rypSsow2P94mKT2Etcam9rdLWUfhemfHNagmDaW4an,10000000
GYE422816S7NiTwdrUs23puBkMwaKVDXQrro88BQU9YB,10000000
Fo7J8v7Roh6VEFdLnb6ZqersFWpWZFE5cfjDrq1dW1c1,10000000
7aTknUkeoBY7ThtQk6FZy6oX78yccaifvBShXBgqXqt7,10000000
AvnkbkxhQGQPFAL9z3dHYBTrsNpky12fXJbDVvoKZ6eZ,10000000
9UTXP6jYGh8SCVXitZ1gx5otqEhBwDsfdxqLXVs4AXbJ,10000000
BTrYtg3H7zgDrPePSw1QsHjDx8uvTLvkX7QcV32xjNxn,10000000
DoidVnJEYaZQ6KhGSTuYDYZuH3uwexfjaEhaoHDyZvUQ,10000000
GoJ8VxxPwxz3qzwnYS95MAqriQftgrwJtkPvhaJ68agC,10000000
HcXExhCpeSKLwabTQS7hYSfxV5empy1Vuc3TDLUBMx1t,10000000
2BQ2VZYnvR4Y9n8wdtkLinJp5X3jDLWSw9KXEmcUMEfC,10000000
6CHdfyxrHQZZ5Ljx9CicK1KfwmYVz4rGnYWDCCTFFGg8,10000000
2ZnbQVjxRr3Ge7Y2XVWkT6Gr2KTVm5b6KenauV7Rd3DL,10000000
6uYGaftWieJcSM4WCrC3prMAGwGvuongc7EXa2APJmBu,10000000
J4r6TFU2q1YoPBnxgm6v9EbmQDjDWXUqq4ELuhhQduCv,10000000
F32DfuVPcfnNNAPcxc7UtDCqkyJ6QtVt4yFcS1ndEMn6,10000000
3PGQh9vCQBhCYobkugUEqj9WMuTRtBZJKM3FSZjFHFCq,10000000
HZ1SXDX5Jb6nZotkgyLk7tkEDm2rhvSeqYFAQKvFBjBZ,10000000
AekbuMgueQ4mgfarfBAn44tG2FaUEStqaf6f8PyM6Dj9,10000000
79kecxCsvsRpeAWMoxr2ozsf9HXkLQq6yi9xiKfMm8K8,10000000
D1NsT7bUvk4WiPps6iRPZkynka77XHVyHJG4fyAZjFhi,10000000
Fd1sGysrwqQ3C21Uftyb28JvrTm2Zyit9Kf4GwmLZHuV,10000000
WdZxdAxRFkzkpx8v1t2zCXTifo3GLrsq9Y3cTJvD9U9,10000000
ChoGxBcxQY9bQvsSSx1Pe1bwdoiVPYkQcKEgzvwdtY4x,10000000
4eP3pGUEgrqjGHg4iicHU94BW4DJ9eKcFicPGm17evjq,10000000
w82LP3oZsVast7Bj985NzNGw2baGU2EJ8NBSgrtpJAD,10000000
7azsnC3Pxv6vRBe5QHeKUn2dNAKVu5SFbNLqxNKUMEEV,10000000
9r9uANSJJmPy1Virfw3zH6nNYMz5e7oikjtC4kNRfRHc,10000000
CVCwFmbzqNYKyUNPuo8pdSRq4iAJUozwVAdfLSfjZm4M,10000000
27gfh69eQJwkouh6n2zCafEBDerru3CrGGoqucHnhVEc,10000000
6GtjzZDo5GqUwsD5Nmvu8tXgB22Zx97ZHtRYfTeLLLAv,10000000
DakeRsyt5NDHtWcQm1nT4GrNuKNE2BP8F6jNZuPkYbgU,10000000
DSZ754EKLkpsXPWuiHEXs4PFGzak4fiU8ixSSLoni52Y,10000000
4z1oYULPvomj5ZuR3u11Yehx8qBCL9tawNRwMp31VTDJ,10000000
FXNArTRy1GdG3rBYJBQ5ZmhvT1DFdyKC47iRatSY6bzG,10000000
6uJp6PqVVFwPVgCATRV1BXhCPDeVvDgAtWmJtKNN7JmN,10000000
DARVRGFHzupYzYnZn4yojGqytJ8sj49wXLNXVJKBoXae,10000000
EdzYSVJvtoQMRoshMuvux6fZaDVDnZyU8BpKoGkJhkaS,10000000
DPGFZ2kC4marqC27fH8h9JmNAG6DYHV1LfLmSHq45sAG,10000000
6e1rCyjfVNsc7vFRQvY4A7j49yYNQoxw6sT9G3GESyjz,10000000
44SV3Lj6oPFKV7RT4jbfsQELum6xe1wnR3ibHA3inHgw,10000000
AfUchaYnoriVhgyHtG3StWJsqwRAjCfgfrVZQJWNSVJA,10000000
pNyXqYi2kxzNUbq516sKiE75FP4RoC3J5wtumhVBXCM,10000000
6qq7MRdAt3FG4konUpoVXUfMsAg2K5qpztFhDzPaZFPz,10000000
HUTNQ6e6UfNUEoEhbX9QVYKneDMFRvAGgYfMCHUJdENq,10000000
7rejeMJy2jt9eh3SQ3RHuSQyYv6aDbEPphMEvjhKcuVH,10000000
5JMZjvno24hH66tXQvZuSHqyf349eF3aC1vQu61iUVXB,10000000
9nRXsSV8aoH79J1vfYDigmBSktZqWWc4m3w2ArdHT24H,10000000
FoQ6r7nY1v3PzR27gy6qaS4HT37Qqd1edHtTTgPVD7yb,10000000
Q29wuiB3RMAbFa4E4yPD4jJwpHdWRWvqoVZQb1phKWJ,10000000
9YM69YCGoUBz7KhpWaSg62c4H7ceKP1cae8saWGqUwYh,10000000
4qq66sC1aAgpDpEXGXT5pFX7i6oidAER2kZPhQ78xT2J,10000000
GJ7uGgMijWm9ANKm2iaDr4tCcy55ysRpXohcX7z8tSzT,10000000
GGByh34iYwGLdJnregxVGNLGgf9sCipwqCDs95jjECZa,10000000
H2RhsXmhLEjGvhK6sQHQUh3WVAhvot2PMqfbBwQaRpWp,10000000
DZ9bwTobbfRR9uUNyYT6YbSTeukYMhuL4VJik34Bxw9B,10000000
5M4TyDn9dkW1vQ5bD2nWsBQuczb3xmXo8mSZzeqga8aC,10000000
Fuz65xgsFWzqswSbzJ1ThzkoMJiGeaA6bSN1ayYLTxXB,10000000
2DrF1stWfbBajwZmjngZfWtZAqumDAL1Cuj25fERNmJc,10000000
HpGejVaY3mmReiAUZ9Myz2N8yEBMmbzoqounqp3F6AjZ,10000000
43RtQpcd1FZN6JdVbob223AUSKZAAixm8zKYx76tDaJm,10000000
8HyxmmXviDRzSUC8m2U4e2fzPEcZpoh5y1bgLmrmCx2G,10000000
3Vt3R5QJ6ugCeu23zzjGnXm1A2Tx921Py5PqCTfe76bb,10000000
BXFgL1hXWgycamsNvXtfXrhsHLjFqLw6QCfr4MCXpJRM,10000000
6gwBdFP3Bcxo2HMRkt4vaPznczbzZpJRmYhedej35Adm,10000000
6koJ5GvC3VAV7rGf8wMwcY5G8hMBxeQX13Wju68HTVdu,10000000
3ghUNRK5EAwEhfDs8ziQMF2ReTQPFjdu6bHb22uh85bR,10000000
Bu6Pq7yBxe7Asxq5RUqbQyjMAvo2xRf3EiXAywHZtMCu,10000000
4PjsUMtD58NedLqo8ZhRd9EHyjRaH6k2sRzbUniDwPY3,10000000
3LvZCYWFHnWJXLr7L8W95sr8ZVCdBC2e6XJ7jycxvhBu,10000000
7TGCb3EETyKMPNZyYqRNveqr7N6GANJh3wnnNPdcHiiu,10000000
EH9cfetVsvjpoT2fex1mp5w1S9LsVnAuEKsr99af1zdh,10000000
4p4Yk4UBTYzQurz94qhDAbiGh2gzrtWjqFVhesBSPgNt,10000000
6iKQyN3Gu1LsAC5YMWFbCs6VpjsfgnNFjv3g2FdvTnU8,10000000
3YGFauuXfs7UPV9TzGfxjcUP9J5kimkCHFMGyCKjHzwX,10000000
6Bn9SMyWq5adr8R4ncepjSAtTtsx5FVJAJy19CKjMiXB,10000000
8jpeVUEYPN8SraDPWDCaMUGEmm8QjchPo1WRQYXC8dFj,10000000
Ht7VcqfuikpjK43isoipTKFhw16an2yD4F4dicv2su7e,10000000
FhbWRtb1sPXKtVXWkSeRLrWgdLbbkEdmbRTmAYfGodXg,10000000
AsBFJFxjwALM3siHuyx6DPtKNprbf7Awqacb8SafyPLT,10000000
9vnqwiM1YYpicDUKhRKGBoX9cK4xafrubJvJ8LgNnvw,10000000
EgGU8AnUYUinCSEmd6o5dKNdmGkjTDvir751M4PjLFpR,10000000
4XMYa2Y4bS5Gr9mnkuzF8TvFDD8NnvnC5gsTjq5Hnymf,10000000
4uUvk1sBY6wbrnDkVsVUFhQEDmQqpCCTp7gNZfrKgKsn,10000000
GZGppCqeqd9jXSMhTrzfJjcFMVgVDfosZZb1hBceTuZ,10000000
7VF7oVej7dhvNSzQ1kgyF5rWsX3emaTvEGjsKkaxrLVe,10000000
EsggPYA1SGbkMp3DHNLvqLoiCHFgME1SVy5t25UUW5AE,10000000
9WAs8xqWEtgF6njCaraDuFCpsv69v8EqKafQkpq7YBrK,10000000
Bmq4nhTQrcqhG1ccAGZrSEbwcpawDjqq7cQ4CeE4Qwb5,10000000
5qcuqqNPCdAewdigDBF4Tx9MJbZRAPoHicNYSc51pFid,10000000
AbC6M3VDZssWNuZ7HnZsbq327jCqWsUkqVaPfRBPhnzN,10000000
ATjQerFRom5AyqeTUXNcQGXfa7LKXFMYdo4HzQ5jpRCs,10000000
5yytZMpMgGQVTvAQ6GdJ1TuJ1EjgYWEFAGgRQw9rw8aE,10000000
8Pa1HCAFAhS9cvtHQspCXdRuh6rSDfAF1FB7BpyhNafa,10000000
DCVBaV6mLVgeTxgS8of3PsfzQoq6GxtFo14KdLd49VbQ,10000000
2DMiDfeYagva5PakFDfP6jqb2jadPPvFYXAL2nwewq8b,10000000
4HVZBBHvHoa6VLyu9hgmMz3B8zjd4H1iDiXSwXMWzef3,10000000
A9LgG5C8a1tPMMX9PbNc5UJiKx2wrEsEC9Df37KaQsUJ,10000000
Geyan9hmwpwtKpcFuZwpApSm3PNhaX7Etfqh3kC1BnQE,10000000
BqEMWqGCjYx4qumff224xqXa35wpQK1LUAMz3kZGMvGK,10000000
8KTdV75k5rFquFLjVZiErtt1i68rM7VT7vxXoatWCEUj,10000000
3j2zh6s8virDVCpjXNvnb5fNhPai9637ujrWrBBzDc38,10000000
5PFmNZzErdG3hrHgUh54hddiY6kXNDwifXfiH83fHaP3,10000000
GnY55mimgnxfixTY9iqvFmiX9PbtYgJqUYD3TpVXLAFs,10000000
2tS9azmiWFVHCtR6JNhgwwLLrAzn8T3RcJQKN8E1Lf3y,10000000
35KtbRy1JmSNqzDcgLGaRfF98vojaRye1pXEFGLRm7Rf,10000000
CwHa8ocHj51XBUT5RM45ucng2gFL2f4m4oEVJWUvx53g,10000000
4LWTAMMuqfh1Zmb9kUfQ5Q9sAHFp5GFuQehAMfkLJKoV,10000000
dX7ifJMPA5rpqwsrdpU8opPmWMJxm2Trjwfx1fLg9ss,10000000
D5mMxPDGcYbTyNhHugmtbaQCfJEvdgUVwfYTQcf5d3GR,10000000
8RVoBR1EnxZd4BZXycAoT25VxjrRjDC4HXVopLQ2GsP7,10000000
DbWZAVFhVpZrduirE7QNSPy5hBCS4iZVTYtNejV5R3VU,10000000
9KXS3mEGb46KiSixcB9LdnWToAsfXTTFSQRcmP98FSGY,10000000
EDCDKNsL1cTUdB9CpXp8WbAzDpWdKarWudSujbgavMh2,10000000
7WyavLsdBt5YQry7D94Rz2Y71Sxhd4hofix5kxxixbg1,10000000
FJfXXJa3wcM6Xvp81BEdfRo4Yta8rBaAqbiwdXtbBh5m,10000000
8vZaecZRHVvxzNK3vcFg8HsnTZQuDMuNbZ3ffR3QhT3C,10000000
D4fVvnQn7o5ViDp4UPvDRc6J7gK1zVH32mGTQFqhJ3nj,10000000
As3rRNM9EiYb44DYgksFDLsfbfBHbv76teRMvPzGbBCK,10000000
6kPYeK62c1WdAxuaat71uRAMSYervWXv1Tdfuq8TQRQ,10000000
2ufdPMy3yzPEXWhGiKAhVtmnWTcDaSppkzQDd1VvYtzN,10000000
EWBZSAziFr9AWnCMSKuMgtLF9rVgjkeRgtvZvhrK1aov,10000000
7KEhiwDK6meN6cad4cRdMx2BFEC3xxsQCFhaL5uVNY8i,10000000
2C8iuVyE3LYkKWSdVNKYDNXScCmV6gmpstvFwWAPtWmv,10000000
J78f3ZzF6uTM82qvpYLJXKFcxtzMy2iBxW4Gh41TnSSQ,10000000
EzFdasmQv5m6mt3Nor8zDp7ZnshwyLRntDRjhomKu75G,10000000
3Nz8q7ebaS9qtHtmnLmha5pzrs6RJniRz7czozUV7UxX,10000000
6rhteiecjMHtP2i3g1oJcLisKBK1Ucf35YUfP49BCyq2,10000000
Ew8qSHTGG8StiBazppGPb66aZaABgMswE3XdudwT73CJ,10000000
CjAGsUt1Qq8h7v7W9VFvUxfxoDjbnDRJVKVzU6LtyMDJ,10000000
AGcwBg95oKF6jivk4uKDumnUWqCsmRK6ic787j5A4aPE,10000000
CcVTzSidiL7niuSe8j1gxVSEhw8CDdaQrTjjsArKDYF9,10000000
AfPYKZtQ7CEkE3EpBsUFBP6TrJJJzhtPMD48Qp2LHmnR,10000000
3QSioVrrf4k9kdD1kzRGRB6vdFTtkujjZ7HdqJyvGW4v,10000000
5oEFP4E9QcAcX3njod1w6SHFJCo72r6BtYnyTFsfgiEL,10000000
E9xRgoqwzNxZJd52sFTtaMc36XT98fgjW3jHAozPuVcK,10000000
3TP8phPUh1dqVE6YbKAqrZUpNwoy8ercSuqQbtJDhii6,10000000
9EaFQJBMubMTYSBDBFs32r57ZySPsjuwhVbaxxxqfDa5,10000000
3HjoLBk3MXTgzW3K4VGG9S62dvUeuRNxBvVfpvjhDLj3,10000000
G1ZLfhrCTJebT8KeFHaVzptjenir5kojTrbtXyZTAkcm,10000000
6BgcNwXsZ5LRwuERi57eAQkiKyBzg3bGP2gPThrb35DU,10000000
CY1ewHnur42GfcfsFV8sjqYgBpkHaa6kdy7vg9M52xqe,10000000
DFBHERRGUxjB1m4Z2oxEGpLF7uoMB4M1ZBM2E6FbHhKt,10000000
DfU7wbTJiaPPGEwnvC9wAAxPUbciXxcwwCXhRoLVSYBf,10000000
DhKvRArWP3vX9fZqtvzYW5nzdjnt1HNBwZcweDWmA9Tg,10000000
DCGc2pJ8dXwM3pm7YxuDdKjh7LWqQyQ7eShtsKtQgSQi,10000000
Ejgyj1CYu5V2GZPVXPdjEuoZAyRP4GgSGfyFVXFhEJHN,10000000
23J3x3k4FVjSCzXydfaPrVWkcTqD27b3ZdQfkTbt9ztZ,10000000
BFzk72CCktBVPRPMPTK6grrFc3Spn1DTpzsdGyfPeMQg,10000000
HrDfVvcRKA7SG2eGMvENGm9Mn4ivoCE9aQWhUi2gHJdo,10000000
3hzkNLbEZWDioudoUCTA7k8ekEkykes82hQ7WQJgRHAS,10000000
HJ5yKDZdFvvP34sCnhTe76Q9wSxSDwn85bfdQkYZJTpo,10000000
FJUBtz6su1xtVitg9XhbtziJjuuscrj3pRiedVnWLnNk,10000000
4myHJBg45D4dz1sNe4AodSLCdsmYDcdKFJWfdZQrjHTG,10000000
B2qE9EPW9jgW7goPqWAKn9VT5iZ5Rg9rJVb5qcWF3447,10000000
9wATPCdb5udqAmnXEh5ngjqu9gTui3p4Fs8B9VNTwDF9,10000000
4pCjM8bjdiza7vVfxVbo5r3fv3x4HZWb6EU1pL1fhZZv,10000000
6AJJwVvJhZgWKdGZJSC1munCzHQ1pwHDinHxMV2g33ap,10000000
FMH6YzymfDvE1FadaPpYWLR3ZEpRnSUtifhnRa9r6p84,10000000
6aQK48dCFprZtoTgKnoorHW2ds5mtr1JKNcciRmGEA9t,10000000
DSv85A9cQgsJxg1bigV2XaUVY1HS33tThZy3kYhCfHQq,10000000
FHXoYVSHCKK34fwcbFyU9Qa6PM4ajkZD7mDZpNMbys2K,10000000
F2k1pKisSAepxCjEDy6TYFsRAvR3D8gDnpHgaxjxconD,10000000
J5atT8KjNUhriQfy7m6JRgBDabvDCHKxkkYJCBdzjo34,10000000
Ho35HLat2A2wFJx8ays1V88PfXJevnfcpkgKAghFfzrf,10000000
3XpgLVNibcSw4FBuf31AAMiuinWgiDzqNcbCWbQgbavi,10000000
4ijqQE6qpdSqgkXtVWXmpJmGztCeTXpoueERBkHSubUQ,10000000
B7DdM5RZR884cLNoSxZZDKvLNFzhuYnf1SuJbvXpR8hm,10000000
F7c31z1TzbdPCXCwqASuDv7ERr7HTfaPTXebdnxeBrmd,10000000
8fn5D2zc4GFuvyj9ELUARyEchu3sPVD8KcgQZN8emzer,10000000
5jERG5FrJcpkMQb5WmdK4SfBHTpmDoGup96XmTC2Q11u,10000000
CzpXrKEuAUpZG95kS3dBLxFbQNoGZ9pkzhbkeUtBx31p,10000000
BqUtTE7SN1wumKdRo6zgAnsMXYo9wpaecjAkZshML1Ys,10000000
7fPcF6AT8Et1u6AWSdC4VmWxV11HEsQ17aSv7tVXmWAe,10000000
4vUyfATvojFiC6Rv77PBJfB6gsBADEpGwvZbdvWCVC94,10000000
J9ih2AeMpLYajdRaVFP1aGL9x9NF3dsTdwkxXvMFBmwT,10000000
GFRiRWNF9naG4dQo97ijhhXhQZnjGcGEPWxhUNsA2MCb,10000000
EZ4AFMFaJc4LAbAPgjABHSAqBME1a7Cz2Q1Gxpr4pA33,10000000
GnLigGqJUWWEds7DQMPNkNHP5QduLFP49HCAn22dXnAt,10000000
DuqFU5uDPGCemsg18AnBHohofukw5AjQwW3mtdvRWiqg,10000000
DvLWvbrQqD8U9Npn79mZFZeKToj4ddZ7q7tj6fRwu6vg,10000000
D68DVLv1ejbcFQZjp8xY5CgqzbbiELRqfUCvrxpbtAfG,10000000
9ShwNAgXx1htV24Jt1tcTezaJ4RBJCqxdDNDvYtJwDou,10000000
Fc3e4pHvT7YWBAtNromGdvTJ54KVnrfeqfhtZsEpiBi8,10000000
EtrFmmWkEPehPKnJ5ombsvp1ShbHLdhSe9pub4YahsQ2,10000000
7Pd7wV36hrYZj1JvCsJ6rL5y7uENMmTZazU5w1wTt8b8,10000000
E2FAjzu7DjocbDMU31LF4fqkwN8SEFVoCK3wfEPuJgYL,10000000
2bF9tdkM1ggQPHkXkoewxGCMfDU5oQq8MB8S3rHoB8X6,10000000
6QuNHuEUtZQiQ5zPVkWGFVuXbG3RdveWzGZNvgHZzUoZ,10000000
EGgTvNhkQE59ku4o2LgnC5QUKQt3vnuL1bmX7pWZhTSr,10000000
93P7UfoyyB9e5ji9L9x3SV2K6jXQjLK91ZZURqMzvLiy,10000000
3cRtW9igrqW2GisMESuDQdtPNnmdeDod28wj9R9VAY8B,10000000
48375jeHJZDSHU4HuqQ4HCHTDpNwUNyphFm3Sc3tE1Lw,10000000
9A1GYTzU5d9awML7Bmtsm1cLKj8cpf52vJdqgPdAGoHE,10000000
14mLktNEFi8NktgpJRJ3oM8YY1piTFv4W1nhCoi3VBWf,10000000
EU363QtXEUYyRVfz3wuNWkzSsgzQvT9ShgXLQgz4MThF,10000000
EXekxwNxPeGZ3BF4aoEywPrDxs5rfoRQ8peZ79q643WA,10000000
E25EzV2MmhErnNbgCZuRQGGpLefJGVU6HCSibwWG26Ay,10000000
GbKxjZd5LQKswkTz1djKGL6srQsTCkPFP6y2pYhvauSm,10000000
wMk6e3fpFRFTdkPKmnuUDRbVWFgMXKBftbsS9obiBaV,10000000
GZ2TqNkoD5fSggxWKUJen9FgSe8va5rvcZnJJiyHXhqV,10000000
BrpRkS8ZLCXBG3fVJUEkyVrBkEi8KYLKGz98MKq7hAUs,10000000
GmRT4gWxnWinABe46RCS6oKP1J7KvkPkC5iXgwFPi5z2,10000000
4qRpq5Xk24bge6yFvG5vaaaUYAouu7PRiSZKsEQLiBVp,10000000
DKtGwqW9sazMd4yFvqvcNSWTcg1jzxZ829rFJqhetfPz,10000000
3XKg4MJVebS7MPENo5UTkTyVp1n844VkUbkzQWpGrbKh,10000000
478ECvyuvrLFqHJzDYGMRZ94npTyktN5T5d42VjWinPQ,10000000
6g8HWpjk5fFxTwfEY55z3QdvACUYi9hpUed7kKuMJB9u,10000000
8WAKzwjqyGwXkivKpPF5SM5E1yTmiqv6zoBkpCxgxUwn,10000000
GWm1CB8tZHDpARvKRQgqcn5LKA4JyFzjTUDdZ5zZgPof,10000000
CAnQMv84YctYNGppxt3gKzakk2KgzXrmJoPtCrhdk2nY,10000000
HfswceJekDFg4AcZNjMxNnfu5gHtw2g5Uv5cND4K56t3,10000000
t6Wouz2fruxqXMZvkSNJL7hvdpia8ivBt5ntopzPkAS,10000000
F2qC2sLC841LgXYvZwnqGL239PJ8jDf8j658Ypvj6Wgz,10000000
CFhwHGQpjkMqwNeowkJLLVZnJKWudBdvyTMcvCtW8iUv,10000000
GFhD3TJX6kWnG7LbzjpSYTQW86yrfcWP4ykFBbDy6Ro9,10000000
ARjsbSdjWCPtdorJRZr5FkvEQhKPP3kU2LjRqYvEfyiZ,10000000
Cph24dScPJaWqVsZD3BBgJ4ngVtE6gwafWRFhRr5YLXY,10000000
HeT2qmjzzHGyHt2QPt1mXnhdEGdo6N2yFFxGopfWEb5j,10000000
BGWNCuhkNr94fkgJWXMgnq8rnGi6E9Rpy2sNJCEKma2E,10000000
HpnpgvKFCMZJhiKj7adPXDrkcMEgG3WVuE1UQMJt5FeB,10000000
HAhoVmiM5mzX6KgNxwLByfSd4Xecu2z88ZX6QNstAKiW,10000000
BEseDsXHdQi9taTxZ2tZKCgVVVRfYmFL8MRYDMeDZ64Q,10000000
G1PKehcrWFyvLnzomFyXJffrLWa4Ktqzecyqz1Vv15uB,10000000
BLEUegraZ6eWkwf9E8wLHQSsALae3i3xmKLQhpKquR7c,10000000
9rBXzukABR9DHdHVk4eY2kmPVKvLtQGaXB6qvCUwQuCQ,10000000
HCuFeCzitBBWcRiKQzoVSty1Ttjqe57jr59Fkr1pv6oB,10000000
HEsW8NQVmidUfeWVVQtPJbL8vis2SHb2ajJMWgVthYEw,10000000
9s1Z3zRdzVSSvcAUfU6ewZ2LhazfEkKgymCtpJRCfW3m,10000000
ECCQmvtmBsLgAPeuYYu495Niggtp5U3aiczpzMCCUD6C,10000000
963XB1zqjZJpbhENsTW3MNeCAhXyEdLTwRoNd2s3Cnpt,10000000
84xrzdxFgikERrTpuVaBGqRBXmZRyT4EmRrP7yx7fznH,10000000
4DjAS6LPL5TtU48dnqik1mYyaAC784jGpJvKm2ocyMLM,10000000
5BWx67rbtUqutitZeehTGfziPLsqU9Bah61s8bKocUcs,10000000
D2tpzFFGPH3uctFx7xbpdeNJ1oiVm85A6rziWtchX6p8,10000000
86Fo8vii4NFUo5CxMuiQyRrRtXUDC2utZAoxVP5MVY6m,10000000
DgixMDspE4eWF398FpdLnudCfGALdhgGu9vV2qWw8vTT,10000000
H7Hqs6dxYxsv5216WJPdzPwWMjNW9QJ52sfVTjkMGMoj,10000000
HFRKzGuAKXnggHMsMXjZXgehXFEjPv2pBHTLU42yfTV,10000000
HHW1YqbXr6F7SpkwPUeXzHJXRqU2QJ6xUYFbf1KMh8vQ,10000000
3uw4HwnR9h3vHzbPQDwgATi2GV42isneKNXtRskSR8uX,10000000
Akf3oXiLEekREcnQox58m3mZx5xVkuxqgMhJJL2rLDD7,10000000
87myJjZAQxLvg4L1WeatyX8uBfXDnD77j57nFwhB6kmF,10000000
3zFXLoAuEcBsvTFgathADnj4BQbVvGWk5bfsUMcXB2BD,10000000
9d99EfsbqQgpxeDEuGZcHqJ9bHjiwRsVANCNSN4HtjTH,10000000
8c6PtkhPnM43krqrHszs9bpr8fJA8tTYVkYPB3J1uix,10000000
GjTiBjJKgPpHQjuVDDDfaDFjTz6zCfHf3jZcSLofEM7X,10000000
5dvoZSBJHCj7XYumXdzRXHn6S23ZLtthhFCQXCUnJz38,10000000
t5xDE8NvhTSUK5kM8vEQ7bPQ8toJuJb217qCEiq1yUC,10000000
8Lt57hQbH9AXA2Z97zXQJ3qMyt1Esy8RenPsFBHS2AA2,10000000
FWwQkqvgVrh8Mc3FLPHsqcunY86yMh8Kss9mjNH4BWUp,10000000
A3ZjY5XjMcVMLzdkc3ZBojYRv89DxaiXurgqRmzn9ffP,10000000
Er7BNym2AgRgRLKo7Cop9svtchTcNaA23FyvZGUDJcwi,10000000
2u36dim9Er3DBSR1M6J3smQy5vM448muhTK154BhkewM,10000000
EPfaeAPYxzBexFCkurVBLvQMngem2EBnuSiA5x3P7HJg,10000000
2xdCrtaQBKmmFf5QyZ9a9X6MNddaz4xoVVzJ2FhDxBy2,10000000
9pByFHz1EYLBWBxn5gMumh6sgKETJVrsChS6vUezM7wN,10000000
4g4jDZCRDgpsVdZTdnVkmvmHQaT2GLw3nqYXqYasLA4S,10000000
H2HasaFokqvWujV7TY5NJDjt1sk6W2Koa6V29ZdPf47w,10000000
4fQN6TiES72dypDxvX9PziRdU5VgDemHrjmQusnhYNjh,10000000
5qKMGQzgNLTCfztaMDBHsscpkoEkXze5LzjCXYBKzzTN,10000000
3iNc3rGmSMcHP5YZa1PxWXx62T5tUZCggo6JcXF7WZP2,10000000
GyouPfNfhKLQQxhsDySvgE5h8C6eax3q5DPDPvRthFiF,10000000
4iWUrzEfsGGfUzj78cy6dxDtV6fzuySWqpA1swsZmp2b,10000000
HFEyubPq6tnAMjLVtU6jiNxRXmmCNGLoqhRUJCBsK5wr,10000000
CeB1jRxs3XGh2MBiQVLMUoNpvro5EgsWYpaTHZTNN7Yb,10000000
EZAYhSC8NutYtqFTzhhN23bJdicKntQDMf5J5Wk3JnCe,10000000
GdugFeRDBHuam5PmFXoSKR6iVn1BmvQ47ZVtuk35iMhD,10000000
FPUdTaN45LPB7BkTNP8JKfr5sgQBvcDx5AZGgpHhMmmy,10000000
2WR5ocEWAHHH1fgu8PiPhH7kk9SgBvTo3hgmMc7dwKF2,10000000
4Q6pdZoKc7CUVXsVuUa9S55neMRntYDjaowZQJcyK1La,10000000
HLhoKniRPoKwZtTbPm3UisgonGqgNvE3q4VXzebeTVUP,10000000
BvkGAXMKJopKiBZTjEvqZsPDMrQrKcVfHvx5vxa2Vybk,10000000
9EYkKEtfkpMSwbkW3NNJWiL7Biovjoj2wkgb8Q73wJZR,10000000
2uqCwHyrQ3P9jUADJQnLn3cnQM7kX8ZtPP8iDmheCV6p,10000000
8XguCCADJ8uK7f3wmdhjWVpzVL7MqiLhfxHRNqmGL1b3,10000000
F8D1nU4iY6TvPjDgyWz7W7cirRmrxAE2G7JGGKeG4JPR,10000000
Ckj8ABHJPYP7rEWMzu4HnXgnuSw9TBffJ12xsv5GRFpe,10000000
WCy5WoFFVwX8Dwth1w4wr6yCFQZqX3ane84YNQ7sswd,10000000
2b1XQgWRnuXBLXJGjMhNFXoEU12t4tEw8gN69oKeX9NF,10000000
CLhGSTLHfPKBGHHAfAdcvirD8MGmPsJBauMsgdFpYtRR,10000000
EHRJEb8qiGfV35ZiKdUdaiL3k2VwDPYhrXaV5DHsFNT5,10000000
9xyMrv2taRvrEjPuL1r2jiWpaH66L6WXt1D4bSox5DvZ,10000000
7YzoKBADyU7GQDNzT4QE8riqkSxekECAtcL5GKa1eHMN,10000000
GDu59uPQKdu3PXArTQwMncF3VuATvNAzZkHtd1b1CtsP,10000000
6nhknNkC529A1JjexmrgkamppfB9bz9ZNtvfyvrJAmVk,10000000
J8u1AQicaqoYj4TfcDjZxmYEVbGugCggD9DZU8guQF4T,10000000
69LQbpdoxWyDxDVQnejNppxNgHEn8Ljm2kCCpqxrihJX,10000000
FVrh4Z3jS75Cz7jEuWRnQix6pdLm8vnnL1kXjF5ov49d,10000000
821ZHBVCCQqGtdProC5pvMxmPuvpiNnX7iD8Nvb3mg8t,10000000
GLyx6WCijF2hM11QwhfUBPLkafndQZoeUFfy2QRRfagq,10000000
BXXVTWsByLHvhtKDzGsceiCoEkSkZz8zFGAFAazTmJX7,10000000
3zqtqckADDa41hWWc1Nua6pbARoU4jg2FUxeuxVS47CD,10000000
2txvezBtwex1iEhfsq9H4SWNxZ4aB9ypdZ82UhNe3kCv,10000000
ApUbRiDrF1thwLSMYr2g8yXtTTjtFojHgqiWxDm4hx7a,10000000
AWznfv8sKLQBsMPbD11WhdRxLvhV8ppfrMC6zHcNzWb4,10000000
And9kxtbMfo8gCb9Kdu6CP2fvFBzj3Z7C8eKc7gexcBf,10000000
5r9mMtmsMWa58rg1KGkaBhjCJvSL41STCgueB3NpguJU,10000000
G9ULNzHeSkHDdfXcuEed5KtUTND34Z6F3qmaAzXUJLUQ,10000000
FTufRPYkqncctXpxfSkcgdEeuXX6aLY3fBV1etTfumNc,10000000
EAGh7ehA5vwPUR1GWzYDMazrKC8a2GdUXDXsRRD8oRLy,10000000
9MpQXDNBFPBryWMNtjZLEHpBknTonjxsvAiHMA9jbM7e,10000000
v4pxjDW1a9i6B9mHjXjQ4ceF5EVReEuF9V98Yc64NKk,10000000
Gy85544UL1N9mtwvkMMe1d7cvk9rmtfCrMPZooDEZxQs,10000000
7dnkW5U2EDCscVc4sad61LyvGcJmK1MNs8kpf8KSNkQR,10000000
23Uxqytw79bogu8dpDQq8Qvmp4eVujUsWwJRTH14DBa6,10000000
DiXJ7DfDTK6BV9mJevVdF5eiCVuBhjBLaUN1Hoq2fZ1v,10000000
7Ct6TLQVA3tADthcL9oD6JWxHrFWY8xABFNaYf4Ci5YW,10000000
36fWMKF9cCtGtzVFYQoS2RNKJp8HrWRdwJ5aUPWGigDz,10000000
D2tKTVqDidm6TyKDdTLYpoEbN327pN9bueAdNgwwHLPr,10000000
7g5XmKKnG3SA8Zswva5pzkCwDx4N8nC6J9tvhVq84TTb,10000000
DYeCfWxbzSXZw8T7CveK7RLg6NNDNTHsM6CwqwiFnutR,10000000
7W9a2TWdsSkykhEjAKRQEX6oJcn8Li1Db7j4X3U7Muih,10000000
Bho9mnPo1CHn93SYpSSxAX4TzX22eNFT51Z5bWv2tsYx,10000000
CdA1TF8ne8H7Rdz74RDUbmJAJin5brMt8LtQTwyQwfvJ,10000000
6S7sW1tZoBtrVeLeSoY11rg2LokZqXW9VJ13HG5M5mkW,10000000
EV3vCBYBChXmwsEcrYisPiW82J7kedPjJoU1TV2bVqeG,10000000
HbPcx8tSwEXJs1BvSiTapoz3ck1poBF15eLFJqbAj753,10000000
8rwCqDAnxWU8ucENUkozzfZb6D4KKbY8kc5A4TZVXReT,10000000
4u5W4L3CKj2VpTPUPgbvhrN67vnVPvQ3WQQVzErYT7xQ,10000000
DVBvJf7z8r1hVXG7AAKGtnRdTrmVYoHwtLhupTTMUszE,10000000
3mf7GMaVTS58aSTqY6nZkUV2aoSHwMRB3GyjJtiUihDH,10000000
HemWzZdUZVy5GTkjP6gLWJwvfq7LjtdwmkLozioYGhMt,10000000
55ovrZf1eu4EaFZvCr9tGMvbx3w3AZeniUJ5Hqts4TVu,10000000
9Y4VFcuBg8WJasUcsx6YHokoCwNKpWmVo2ncTL4aWjAo,10000000
9SeSLTkLnrGhTkUERmSDs1Ds8VFkFuMQUyXXQNVzwd5X,10000000
H14tPFyhr2iRQapoFZja4vyaduuE2uBEyMXpnbBEm53f,10000000
7381keWc3RzixwNW2KbegVLiBM1GScHzdEZqhgX2F9o2,10000000
BdNKoSnFYjWH8YMznfx4C4Z6e3mTQ5iKYKwCuRuayn9c,10000000
CueospwJ8ZwmyqpFMKUdFt34ZJuamDrrHyWv5TFtNU6S,10000000
Ap2UziW9uCFs5s8iz17jsHsDE6otk6KP1HkuMKMBhuiE,10000000
75sgXi3AfV2Gw4Aws6PenjWSMGKdjcEvDUEWCM35FFdB,10000000
9dRVHxz5XPfmDQinZShnngPFtWxFD2ZqY6cwWsaBKHW6,10000000
3vXXZHDNGm6uoUAycWyCipRZEBTAugrvrz1gXSLE4kZL,10000000
9d242XQvXsQ5tLvJDbuvBc2Au2uKvrLvj84p9QhBUnwZ,10000000
DHD4AsfSrb6x3xWhnR9vWEWWcdNLPYzEQSVPTpKpEPfA,10000000
7owH1PszAkooGDtQqU6QP6nLSkQ6oPwAmPHKN199yY8Q,10000000
HVq541hxxsPyZTHcoPNBGweWQvXUtcBHnsQ38QK9cqhJ,10000000
PWQqb7K8ZUx6LoPacBNR1qyxQtVGqqXWrLxK5Dpf5fa,10000000
78vnv1v5BukBgaS9bnsGkSbx6E7g8ZnSvJ9hhW5J5s2d,10000000
GnsvEoHKcpWfE8c4Ffn1UcU17C9KwC1n2icGZ28uGs8J,10000000
FfWsM1mu2ioKZvTtNTVc1GucXBUDGvMgi6TFBgnbjbjL,10000000
EafdmiWhfe6brDbeNfpsX7KU2WWUPgPvPj3AumDuQ4y2,10000000
2MiYWk6HamSigE2DKbH7WMqEV77bUPkxmeUv9Zdo51H7,10000000
FLbAACvun3umpuiMyaBSj5RArGGnEQvkEvsvcWTtomdG,10000000
CiyEKyAYswGyFcddRSQQvBXfsv8XC6rkuve2wFAAzEgY,10000000
5SZTkvKfLDc8CySBpWtF7AoYnTbBSBsfTGjprg2T2rfQ,10000000
EYbWHBEExyUh62T6dVZSkyUZz9HnQrDJ85mGhWvSg7D9,10000000
Hcq6rk8Wck6TcHkVNdvoB3iQc6vgQrBcHcpWVK25b8Bk,10000000
EJ3GKiNXxVWoJigaLNtpY6RVQGxiXghVwhfLTq2xTSoN,10000000
Fwdg63uSiFuxihChfHWR23ibSjyGunRxY58beiCtH3aP,10000000
AY8i3rQoigrMK715Kd2XFGpeG2kAmr3bG7wQmGigKbn6,10000000
FcHJbvGefon9tedhTbdye93NSLa6WzyNFVb2PrpSmSDg,10000000
5QfsywWtpfbuYDmVovvjfKPsbdKHH3aBAqpCSGBxWqfm,10000000
CwYVcP1WY6cYfKyytkM1QvHCuNJwrSTgYz3dgDQaHJkm,10000000
G58Hsfq29i7n2cjzEguFRCz6NAv3ui9bsVuZ5fo5Lmri,10000000
3aaygUKNkSbHBsSWzMTT8P7kZN3MgVbgpJb4XgF6qcpc,10000000
J2bBSeWAAhaMvnXTsQtPh43n2sv5fC7thGmAz1cp3EpB,10000000
J8ys7YsXeQtFwUz9uzUg2D6SUx5ufz1Qt2XA6xwbPefU,10000000
EXKsytCcQ9YHGEgTMH75eYqTTu2y3bEX12e2TVyCWNRu,10000000
47ofqCP8Sv1RUhsdXti6YbtY66N9BGBPH8zmsomp9d5S,10000000
BPEcyVQiDSoJ7ecmih2ipfz7tfbbTKvbcNMR7BPtAP3s,10000000
ECEwzxkZDWUGKzTvR3AmZr1KU2BPkeK1QkJzqQkSnNTT,10000000
EGjgMzJ9hgokA8x3PHwimP9DiqV4HKXBEgwbW4LsUxf5,10000000
EdjJPfGsbEEkDYrYEXWMVSpQz5xfbjs6m8R3zoymkfnc,10000000
BkLuEd3cZkmKL3n3Ppah8Ed6DmcU3zntwn9ZPXbNpH4e,10000000
7WPGiKcfq3SdXN6wkQ4UGMBQS9BjzqtYm6KnYWYpBeLo,10000000
DrfFNcrJtuHpgh38L66ZtSNR31VMGc9wKhRCmMNDsyS4,10000000
47Lwt3jA8XsoGps2Fk29ZVj7EeZd2YtsqAj2KLGxL674,10000000
HeEqVEYQsKCTNAAJXRGYwmzAXhQKRd6HcKhdA8PQV6aM,10000000
9P1n9ogdKLzh7zaLGaeaJcLpEKvzn9CpncZsw2PaS7mr,10000000
8Qbitx8E8QUVUPVv853RKCUB8r6c7vx28SYbec1FKdoZ,10000000
A5u9yeYnh4iwxhXFmedZ4bwkdfy71C5CyVDvX4XSKEbM,10000000
Bb3MM16Lny9mvuosRMNx8ACxn49eYDX33DENdd5Afezq,10000000
JDqNtd7mm3r5boc2ua8rtiWdGqRN7YX59jyVmsibfruU,10000000
5YQMdFXiXiRE6yQFeFq485snQzVV7fJZUbAMYenMagn5,10000000
7xCTiTeRAmfPqo7D3qmgt5KqqvmbEqSzjaCQxqgztDS5,10000000
567fBxMAb7TSAMXYpZGmMBzh3PQqdNgdfuHEjwjR3LAy,10000000
DKja3W1nFxVzTZ9rdjGPNdnRM26aX23TJckgBLWctVWp,10000000
EiZZGPDZbd42nyjtCEc2hLoLHc9D18PCHhfpk9ErBpNM,10000000
8V1eWLjf9SQK9DD3R4L3YxkgApLUtdJ4RT1PmrDFFTWD,10000000
9K16T6N3uBwCquzSBajP7EHHadkSgTRp8AoMjsLNBqs,10000000
ENqTGfvc1JmJemKanKXSNUJAfETx2iod5DnsdXE6ja43,10000000
EPt9HkBDrP9WYxVzsVA84wf9qu3DKMUbtyBxbDTyNfTf,10000000
2S9oPAwVDBAkdq5CbWKST6biNPZvmZQFegXUosGwuRb3,10000000
2nxwEkxpthtnp5x9ZxpW1XGGm67vwtw1jWK56urYbhaw,10000000
C2e6ipdodSMupvV1vCTePnDhMMJKdYKqH9soZ8oHbwHt,10000000
FxSd4m14i6VdD36tR5q2yS7hXyzEdnU9WGEEnFwDCW9S,10000000
Ahp5KGoTSr4tKxMVWEfgTKKauNxALpdBGhJ1R8urUf83,10000000
6sQ9fGiRDm5GxhSAy5949BLsLZX6KbGVs9WEdiv3iT3n,10000000
8HUdANky3NasCWMoBFxjMc97hfVWuK5bVo8KR34mhJp2,10000000
GwfieCqHQGVc5iffpLGrgAXC1Zjxvv7nVJmsEcTrFGaP,10000000
4eWcAymSYuh9JcPr4wLyArfE1hV7mBEWUNsYqGUm3hPT,10000000
G9YjdS95t9yoJLt7gBsMHKg3z79N6kt9uWM1m7atg7gL,10000000
Cfc5bsZ4HtyJTrAJQdcDRvDpQVvEVGY28neyWSKzF9qF,10000000
